zac,zac_nazov,kon,kon_nazov,sekundy,km
1,"Bansk√° Bystrica,,AS",2,"Bansk√° Bystrica,,Strieborn√© n√°m.",486,3
2,"Bansk√° Bystrica,,Strieborn√© n√°m.",3,"Bansk√° Bystrica,Uƒæanka",432,7
2,"Bansk√° Bystrica,,Strieborn√© n√°m.",446,"Bansk√° Bystrica,Jakub,Nov√Ω Svet II.",306,5
2,"Bansk√° Bystrica,,Strieborn√© n√°m.",447,"Bansk√° Bystrica,,EUROPA SC",176,1
3,"Bansk√° Bystrica,Uƒæanka",9,"Star√© Hory,,Oc√ö",378,6
3,"Bansk√° Bystrica,Uƒæanka",11,"Star√© Hory,,kaplnka",378,7
3,"Bansk√° Bystrica,Uƒæanka",446,"Bansk√° Bystrica,Jakub,Nov√Ω Svet II.",148,2
5,"Donovaly,,Pod Magurou-ATC",6,"Donovaly,,centrum",216,1
5,"Donovaly,,Pod Magurou-ATC",296,"Lipt.Osada,Korytnica-k√∫pele,r√°zc.",198,4
5,"Donovaly,,Pod Magurou-ATC",321,"Lipt.Osada,,Barborin√° hor√°re≈?",162,3
6,"Donovaly,,centrum",5,"Donovaly,,Pod Magurou-ATC",135,1
6,"Donovaly,,centrum",7,Motyƒçky,297,5
6,"Donovaly,,centrum",296,"Lipt.Osada,Korytnica-k√∫pele,r√°zc.",216,5
7,Motyƒçky,6,"Donovaly,,centrum",392,5
7,Motyƒçky,10,"Star√© Hory,Doln√Ω Jelenec",108,3
7,Motyƒçky,11,"Star√© Hory,,kaplnka",324,6
9,"Star√© Hory,,Oc√ö",11,"Star√© Hory,,kaplnka",54,1
10,"Star√© Hory,Doln√Ω Jelenec",7,Motyƒçky,108,3
10,"Star√© Hory,Doln√Ω Jelenec",11,"Star√© Hory,,kaplnka",270,3
11,"Star√© Hory,,kaplnka",3,"Bansk√° Bystrica,Uƒæanka",364,7
11,"Star√© Hory,,kaplnka",7,Motyƒçky,378,6
11,"Star√© Hory,,kaplnka",10,"Star√© Hory,Doln√Ω Jelenec",216,3
12,"Be≈?adikov√°,,PD",13,"Be≈?adikov√°,,kult.dom",71,0.2
12,"Be≈?adikov√°,,PD",14,"Be≈?adikov√°,,r√°zc.",66,1
12,"Be≈?adikov√°,,PD",145,"Lipt.Mikul√°≈°,Okoliƒçn√©,Z≈†",243,3
13,"Be≈?adikov√°,,kult.dom",12,"Be≈?adikov√°,,PD",76,0.2
13,"Be≈?adikov√°,,kult.dom",159,"Lipt.Ondrej,,beton√°rka",135,2
13,"Be≈?adikov√°,,kult.dom",160,"Lipt.Ondrej,,r√°zc.",255,3
14,"Be≈?adikov√°,,r√°zc.",12,"Be≈?adikov√°,,PD",89,1
14,"Be≈?adikov√°,,r√°zc.",126,"Uhorsk√° Ves,,r√°zc.",82,1
14,"Be≈?adikov√°,,r√°zc.",144,"Lipt.Mikul√°≈°,Sto≈°ice,r√°zc.",72,1
14,"Be≈?adikov√°,,r√°zc.",145,"Lipt.Mikul√°≈°,Okoliƒçn√©,Z≈†",153,2
14,"Be≈?adikov√°,,r√°zc.",187,"Podture≈?,,≈æel.zast.",162,2
15,"Lipt.Beharovce,,Ben√≠ky r√°zc.",20,"Bobrovƒçek,,Oc√ö",85,1
15,"Lipt.Beharovce,,Ben√≠ky r√°zc.",97,"Lipt.Beharovce,,Ben√≠kovsk√Ω",216,2
15,"Lipt.Beharovce,,Ben√≠ky r√°zc.",183,"Pavlova Ves,,kult.dom",139,1
16,"Be≈°e≈?ov√°,,Jednota",17,"Be≈°e≈?ov√°,,hotel Sumit",126,0.2
16,"Be≈°e≈?ov√°,,Jednota",94,"Potok,,Oc√ö",162,2
16,"Be≈°e≈?ov√°,,Jednota",465,"Be≈°e≈?ov√°,,bytovka 109",54,0.2
17,"Be≈°e≈?ov√°,,hotel Sumit",16,"Be≈°e≈?ov√°,,Jednota",108,0.2
17,"Be≈°e≈?ov√°,,hotel Sumit",94,"Potok,,Oc√ö",162,2
17,"Be≈°e≈?ov√°,,hotel Sumit",128,"Lipt.Michal,,Jednota",108,1
17,"Be≈°e≈?ov√°,,hotel Sumit",369,"Lipt.Tepl√°,,Prefa",54,1
17,"Be≈°e≈?ov√°,,hotel Sumit",464,"Be≈°e≈?ov√°,,Siho≈•",66,0.2
19,"Ivachnov√°,,r√°zc.",130,"Lipt.Michal,,r√°zc.",152,2
19,"Ivachnov√°,,r√°zc.",316,"Lipt.Sliaƒçe,,r√°zc.",157,3
19,"Ivachnov√°,,r√°zc.",364,"Lipt.Michal,,pod cintor√≠nom",162,3
19,"Ivachnov√°,,r√°zc.",445,"Liskov√°,,kri≈æ.",162,4
20,"Bobrovƒçek,,Oc√ö",15,"Lipt.Beharovce,,Ben√≠ky r√°zc.",81,1
21,"Bobrovec,,Huraj",22,"Bobrovec,,Oc√ö",71,1
21,"Bobrovec,,Huraj",24,"Bobrovec,,≈†korupovo",108,2
21,"Bobrovec,,Huraj",26,"Bobrovec,,po≈°ta",62,1
21,"Bobrovec,,Huraj",27,"Bobrovec,,r√°zc.",54,0.2
22,"Bobrovec,,Oc√ö",21,"Bobrovec,,Huraj",75,1
22,"Bobrovec,,Oc√ö",23,"Bobrovec,,Rakovica",54,0.2
22,"Bobrovec,,Oc√ö",24,"Bobrovec,,≈†korupovo",216,3
22,"Bobrovec,,Oc√ö",25,"Bobrovec,,Z≈†",75,0.2
22,"Bobrovec,,Oc√ö",27,"Bobrovec,,r√°zc.",54,1
22,"Bobrovec,,Oc√ö",71,"Jalovec,,Z≈†",324,2
23,"Bobrovec,,Rakovica",22,"Bobrovec,,Oc√ö",94,0.2
23,"Bobrovec,,Rakovica",25,"Bobrovec,,Z≈†",122,0.2
23,"Bobrovec,,Rakovica",211,"Trsten√©,,otoƒç.",135,1
23,"Bobrovec,,Rakovica",383,"Bobrovec,,Luhy",54,0.2
24,"Bobrovec,,≈†korupovo",21,"Bobrovec,,Huraj",119,2
24,"Bobrovec,,≈†korupovo",27,"Bobrovec,,r√°zc.",162,4
24,"Bobrovec,,≈†korupovo",394,"Lipt.Mikul√°≈°,Lipt.Ondra≈°ov√°,kost.",62,1
24,"Bobrovec,,≈†korupovo",408,"Lipt.Mikul√°≈°,Lipt.Ondra≈°ov√°,otoƒç.",54,0.2
25,"Bobrovec,,Z≈†",22,"Bobrovec,,Oc√ö",77,0.2
25,"Bobrovec,,Z≈†",26,"Bobrovec,,po≈°ta",54,0.2
25,"Bobrovec,,Z≈†",211,"Trsten√©,,otoƒç.",76,1
26,"Bobrovec,,po≈°ta",23,"Bobrovec,,Rakovica",54,0.2
27,"Bobrovec,,r√°zc.",21,"Bobrovec,,Huraj",54,0.2
27,"Bobrovec,,r√°zc.",22,"Bobrovec,,Oc√ö",81,1
27,"Bobrovec,,r√°zc.",24,"Bobrovec,,≈†korupovo",108,2
27,"Bobrovec,,r√°zc.",183,"Pavlova Ves,,kult.dom",201,3
29,"Bobrovn√≠k,Hlin√≠k,r√°zc.",32,"Bobrovn√≠k,,r√°zc.",63,1
29,"Bobrovn√≠k,Hlin√≠k,r√°zc.",198,"Prosiek,,otoƒç.",351,5
29,"Bobrovn√≠k,Hlin√≠k,r√°zc.",199,"Prosiek,,r√°zc.",122,2
30,"Bobrovn√≠k,,Jednota otoƒç.",31,"Bobrovn√≠k,,≈†M bytovky",119,2
30,"Bobrovn√≠k,,Jednota otoƒç.",32,"Bobrovn√≠k,,r√°zc.",135,1
31,"Bobrovn√≠k,,≈†M bytovky",30,"Bobrovn√≠k,,Jednota otoƒç.",189,2
31,"Bobrovn√≠k,,≈†M bytovky",32,"Bobrovn√≠k,,r√°zc.",68,1
31,"Bobrovn√≠k,,≈†M bytovky",33,"Bukovina,,kult.dom",63,1
32,"Bobrovn√≠k,,r√°zc.",29,"Bobrovn√≠k,Hlin√≠k,r√°zc.",63,1
32,"Bobrovn√≠k,,r√°zc.",30,"Bobrovn√≠k,,Jednota otoƒç.",119,1
32,"Bobrovn√≠k,,r√°zc.",31,"Bobrovn√≠k,,≈†M bytovky",54,1
33,"Bukovina,,kult.dom",31,"Bobrovn√≠k,,≈†M bytovky",81,1
33,"Bukovina,,kult.dom",34,"Bukovina,,polesie",65,1
33,"Bukovina,,kult.dom",83,"Lipt.Anna,,gar√°≈æ SAD",162,2
34,"Bukovina,,polesie",33,"Bukovina,,kult.dom",90,1
34,"Bukovina,,polesie",82,"Lipt.Anna,,Jednota",76,0.2
35,"Dem√§novsk√° Dolina,,Jasky≈?a Slobody",37,"Dem√§novsk√° Dolina,,ƒΩadov√° jasky≈?a",158,3
35,"Dem√§novsk√° Dolina,,Jasky≈?a Slobody",38,"Dem√§novsk√° Dolina,,L√∫ƒçky",166,2
36,"Dem√§novsk√° Dolina,,Jasn√°",40,"Dem√§novsk√° Dolina,,Z√°hradky",212,2
37,"Dem√§novsk√° Dolina,,ƒΩadov√° jasky≈?a",35,"Dem√§novsk√° Dolina,,Jasky≈?a Slobody",141,3
37,"Dem√§novsk√° Dolina,,ƒΩadov√° jasky≈?a",39,"Dem√§novsk√° Dolina,,Chaty",104,1
37,"Dem√§novsk√° Dolina,,ƒΩadov√° jasky≈?a",41,"Dem√§novsk√° Dolina,,autocamp.",108,1
38,"Dem√§novsk√° Dolina,,L√∫ƒçky",35,"Dem√§novsk√° Dolina,,Jasky≈?a Slobody",162,2
38,"Dem√§novsk√° Dolina,,L√∫ƒçky",44,"Dem√§novsk√° Dolina,,Star√© koliesko",75,0.2
39,"Dem√§novsk√° Dolina,,Chaty",41,"Dem√§novsk√° Dolina,,autocamp.",94,0.2
39,"Dem√§novsk√° Dolina,,Chaty",454,"Dem√§novsk√° Dolina,,Wellness hotel Chopok",58,1
40,"Dem√§novsk√° Dolina,,Z√°hradky",36,"Dem√§novsk√° Dolina,,Jasn√°",287,2
40,"Dem√§novsk√° Dolina,,Z√°hradky",44,"Dem√§novsk√° Dolina,,Star√© koliesko",58,1
41,"Dem√§novsk√° Dolina,,autocamp.",39,"Dem√§novsk√° Dolina,,Chaty",83,0.2
41,"Dem√§novsk√° Dolina,,autocamp.",184,"Pavƒçina Lehota,,Hate",54,0.2
41,"Dem√§novsk√° Dolina,,autocamp.",185,"Pavƒçina Lehota,,gar√°≈æ",194,1
41,"Dem√§novsk√° Dolina,,autocamp.",252,"Dem√§novsk√° Dolina,,centr.park.",58,1
42,"D√∫brava,,Dom slu≈æ.",43,"D√∫brava,,RaJ Ban√≠k",78,0.2
42,"D√∫brava,,Dom slu≈æ.",247,"ƒΩubeƒæa,,Jednota",108,2
42,"D√∫brava,,Dom slu≈æ.",248,"ƒΩubeƒæa,,lek√°re≈?",101,2
42,"D√∫brava,,Dom slu≈æ.",249,"ƒΩubeƒæa,,Z≈†",270,2
43,"D√∫brava,,RaJ Ban√≠k",42,"D√∫brava,,Dom slu≈æ.",83,0.2
43,"D√∫brava,,RaJ Ban√≠k",45,"D√∫brava,,z√°vod",69,0.2
44,"Dem√§novsk√° Dolina,,Star√© koliesko",38,"Dem√§novsk√° Dolina,,L√∫ƒçky",62,0.2
44,"Dem√§novsk√° Dolina,,Star√© koliesko",40,"Dem√§novsk√° Dolina,,Z√°hradky",71,1
45,"D√∫brava,,z√°vod",43,"D√∫brava,,RaJ Ban√≠k",76,0.2
45,"D√∫brava,,z√°vod",137,"D√∫brava,,otoƒç.≈†M",65,1
46,"Galovany,,ƒç.d.1",47,"Galovany,,ƒç.d.51",54,0.2
47,"Galovany,,ƒç.d.51",46,"Galovany,,ƒç.d.1",59,0.2
47,"Galovany,,ƒç.d.51",48,"Galovany,,r√°zc.",72,1
47,"Galovany,,ƒç.d.51",205,"Sv√§t√Ω Kr√≠≈æ,,C√≠novisko",155,2
48,"Galovany,,r√°zc.",47,"Galovany,,ƒç.d.51",84,1
48,"Galovany,,r√°zc.",131,"Lipt.Mikul√°≈°,Andice,r√°zc.",86,2
48,"Galovany,,r√°zc.",132,"Lipt.Mikul√°≈°,Andice,H√°ƒçik",108,2
48,"Galovany,,r√°zc.",147,"Lipt.Mikul√°≈°,Pal√∫dzka,LAS",270,5
48,"Galovany,,r√°zc.",205,"Sv√§t√Ω Kr√≠≈æ,,C√≠novisko",108,1
48,"Galovany,,r√°zc.",209,"Sv√§t√Ω Kr√≠≈æ,,r√°zc.",103,1
49,"G√¥tovany,,Benick√Ω",50,"G√¥tovany,,Oc√ö",108,1
49,"G√¥tovany,,Benick√Ω",53,"G√¥tovany,,Vy≈°n√© r√°zc.",81,0.2
50,"G√¥tovany,,Oc√ö",49,"G√¥tovany,,Benick√Ω",108,1
50,"G√¥tovany,,Oc√ö",51,"G√¥tovany,,Piatko",86,0.2
50,"G√¥tovany,,Oc√ö",53,"G√¥tovany,,Vy≈°n√© r√°zc.",65,1
51,"G√¥tovany,,Piatko",50,"G√¥tovany,,Oc√ö",100,0.2
53,"G√¥tovany,,Vy≈°n√© r√°zc.",49,"G√¥tovany,,Benick√Ω",81,0.2
53,"G√¥tovany,,Vy≈°n√© r√°zc.",50,"G√¥tovany,,Oc√ö",72,1
53,"G√¥tovany,,Vy≈°n√© r√°zc.",54,"G√¥tovany,,r√°zc.",76,0.2
53,"G√¥tovany,,Vy≈°n√© r√°zc.",251,"ƒΩubeƒæa,,r√°zc.",135,2
54,"G√¥tovany,,r√°zc.",53,"G√¥tovany,,Vy≈°n√© r√°zc.",76,0.2
54,"G√¥tovany,,r√°zc.",209,"Sv√§t√Ω Kr√≠≈æ,,r√°zc.",123,3
54,"G√¥tovany,,r√°zc.",251,"ƒΩubeƒæa,,r√°zc.",127,2
54,"G√¥tovany,,r√°zc.",253,"ƒΩubeƒæa,,Sihotka",61,1
55,"Huty,,Javorinsk√Ω potok",57,"Huty,,≈†kumat stred",81,1
55,"Huty,,Javorinsk√Ω potok",416,"Kvaƒçany,,SSC",729,7
56,"Huty,,Pod sklen√Ωm v≈ï≈°kom",57,"Huty,,≈†kumat stred",108,1
56,"Huty,,Pod sklen√Ωm v≈ï≈°kom",58,"Huty,,Z≈†",81,0.2
57,"Huty,,≈†kumat stred",55,"Huty,,Javorinsk√Ω potok",108,1
57,"Huty,,≈†kumat stred",56,"Huty,,Pod sklen√Ωm v≈ï≈°kom",135,1
58,"Huty,,Z≈†",56,"Huty,,Pod sklen√Ωm v≈ï≈°kom",108,0.2
58,"Huty,,Z≈†",432,"Huty,,Dolinky",135,1
59,"Huty,,r√°zc.na Mal√© Borov√©",60,"Huty,,r√°zc.na Veƒæk√© Borov√©",54,1
59,"Huty,,r√°zc.na Mal√© Borov√©",170,"Mal√© Borov√©,Novo≈•",108,1
59,"Huty,,r√°zc.na Mal√© Borov√©",432,"Huty,,Dolinky",108,1
60,"Huty,,r√°zc.na Veƒæk√© Borov√©",59,"Huty,,r√°zc.na Mal√© Borov√©",54,1
60,"Huty,,r√°zc.na Veƒæk√© Borov√©",218,"Veƒæk√© Borov√©,,R√°ztoka",162,2
61,"Hybe,,Lehotsk√Ω Adam",64,"Hybe,,n√°m.",87,1
62,"Lipt.Tepl√°,Madoƒçany,RENOP",90,"Lipt.Tepl√°,,≈†L",116,2
62,"Lipt.Tepl√°,Madoƒçany,RENOP",92,"Lipt.Tepl√°,,r√°zc.",108,1
62,"Lipt.Tepl√°,Madoƒçany,RENOP",273,"L√∫ƒçky,,r√°zc.Kalameny",96,1
63,"Hybe,,motel",61,"Hybe,,Lehotsk√Ω Adam",117,2
63,"Hybe,,motel",66,"Hybe,,r√°zc.",60,1
63,"Hybe,,motel",76,"Kr√°ƒæova Lehota,,Preglejka",135,2
64,"Hybe,,n√°m.",63,"Hybe,,motel",116,3
64,"Hybe,,n√°m.",65,"Hybe,,otoƒç.",70,1
64,"Hybe,,n√°m.",66,"Hybe,,r√°zc.",216,4
64,"Hybe,,n√°m.",77,"Kr√°ƒæova Lehota,,≈æel.st.",270,5
64,"Hybe,,n√°m.",108,"Lipt.Hr√°dok,,J√°no≈°kov domov",270,6
65,"Hybe,,otoƒç.",64,"Hybe,,n√°m.",139,1
65,"Hybe,,otoƒç.",228,"V√Ωchodn√°,,Benzinol",211,3
66,"Hybe,,r√°zc.",61,"Hybe,,Lehotsk√Ω Adam",162,3
66,"Hybe,,r√°zc.",63,"Hybe,,motel",54,1
66,"Hybe,,r√°zc.",76,"Kr√°ƒæova Lehota,,Preglejka",108,1
66,"Hybe,,r√°zc.",77,"Kr√°ƒæova Lehota,,≈æel.st.",239,1
66,"Hybe,,r√°zc.",108,"Lipt.Hr√°dok,,J√°no≈°kov domov",135,2
66,"Hybe,,r√°zc.",113,"Lipt.Hr√°dok,,Ma≈°a",81,1
68,I≈æipovce,29,"Bobrovn√≠k,Hlin√≠k,r√°zc.",302,3
68,I≈æipovce,199,"Prosiek,,r√°zc.",108,1
68,I≈æipovce,398,"Prosiek,Z√°diel",54,1
69,"Jakubovany,,Hrƒça",70,"Jakubovany,,Kuch√°rik",66,0.2
70,"Jakubovany,,Kuch√°rik",69,"Jakubovany,,Hrƒça",89,0.2
70,"Jakubovany,,Kuch√°rik",160,"Lipt.Ondrej,,r√°zc.",81,1
71,"Jalovec,,Z≈†",72,"Jalovec,,most",54,0.2
71,"Jalovec,,Z≈†",383,"Bobrovec,,Luhy",126,2
72,"Jalovec,,most",71,"Jalovec,,Z≈†",68,0.2
72,"Jalovec,,most",383,"Bobrovec,,Luhy",79,2
73,"Jamn√≠k,,RD otoƒç.",69,"Jakubovany,,Hrƒça",324,3
73,"Jamn√≠k,,RD otoƒç.",402,"Jamn√≠k,,Jednota",216,1
74,"Kr√°ƒæova Lehota,,Cestn√© stavby obal.",77,"Kr√°ƒæova Lehota,,≈æel.st.",108,2
74,"Kr√°ƒæova Lehota,,Cestn√© stavby obal.",174,"Kr√°ƒæova Lehota,,Michalovo Ga≈°par√≠k",94,2
74,"Kr√°ƒæova Lehota,,Cestn√© stavby obal.",384,"Kr√°ƒæova Lehota,,Preglejka ≈°t.cesta",81,1
75,"Kr√°ƒæova Lehota,,Jednota",77,"Kr√°ƒæova Lehota,,≈æel.st.",180,1
76,"Kr√°ƒæova Lehota,,Preglejka",77,"Kr√°ƒæova Lehota,,≈æel.st.",94,0.2
76,"Kr√°ƒæova Lehota,,Preglejka",400,"Hybe,,r√°zc.na Kr√°ƒæovu Lehotu",54,1
77,"Kr√°ƒæova Lehota,,≈æel.st.",74,"Kr√°ƒæova Lehota,,Cestn√© stavby obal.",108,2
77,"Kr√°ƒæova Lehota,,≈æel.st.",75,"Kr√°ƒæova Lehota,,Jednota",72,1
77,"Kr√°ƒæova Lehota,,≈æel.st.",76,"Kr√°ƒæova Lehota,,Preglejka",54,0.2
77,"Kr√°ƒæova Lehota,,≈æel.st.",174,"Kr√°ƒæova Lehota,,Michalovo Ga≈°par√≠k",189,4
77,"Kr√°ƒæova Lehota,,≈æel.st.",384,"Kr√°ƒæova Lehota,,Preglejka ≈°t.cesta",54,1
77,"Kr√°ƒæova Lehota,,≈æel.st.",400,"Hybe,,r√°zc.na Kr√°ƒæovu Lehotu",83,1
78,"Kvaƒçany,Dlh√° L√∫ka",80,"Kvaƒçany,,Z≈†",54,0.2
78,"Kvaƒçany,Dlh√° L√∫ka",103,"Lipt.Matia≈°ovce,,r√°zc.",97,2
78,"Kvaƒçany,Dlh√° L√∫ka",427,"Kvaƒçany,,gar√°≈æ SAD",108,1
79,"Kvaƒçany,,RD",427,"Kvaƒçany,,gar√°≈æ SAD",102,0.2
80,"Kvaƒçany,,Z≈†",78,"Kvaƒçany,Dlh√° L√∫ka",84,0.2
80,"Kvaƒçany,,Z≈†",88,"Lipt.Sielnica,,PS",216,4
80,"Kvaƒçany,,Z≈†",427,"Kvaƒçany,,gar√°≈æ SAD",74,1
81,"Lazisko,,Droppa",206,"Sv√§t√Ω Kr√≠≈æ,,Vy≈°n√Ω koniec",103,1
81,"Lazisko,,Droppa",428,"Lazisko,,gar√°≈æ SAD",124,0.2
82,"Lipt.Anna,,Jednota",34,"Bukovina,,polesie",65,0.2
82,"Lipt.Anna,,Jednota",83,"Lipt.Anna,,gar√°≈æ SAD",86,1
83,"Lipt.Anna,,gar√°≈æ SAD",34,"Bukovina,,polesie",270,1
83,"Lipt.Anna,,gar√°≈æ SAD",82,"Lipt.Anna,,Jednota",54,1
84,"Lipt.Kokava,,Oravec",86,"Lipt.Kokava,,obch.dom",69,0.2
84,"Lipt.Kokava,,Oravec",105,"Lipt.Hr√°dok,Dovalovo,Petr√°≈°ko",360,6
85,"Lipt.Kokava,,RD",87,"Lipt.Kokava,,po≈æ.zbroj.",108,0.2
86,"Lipt.Kokava,,obch.dom",84,"Lipt.Kokava,,Oravec",83,0.2
86,"Lipt.Kokava,,obch.dom",87,"Lipt.Kokava,,po≈æ.zbroj.",112,1
87,"Lipt.Kokava,,po≈æ.zbroj.",85,"Lipt.Kokava,,RD",162,0.2
87,"Lipt.Kokava,,po≈æ.zbroj.",86,"Lipt.Kokava,,obch.dom",86,1
88,"Lipt.Sielnica,,PS",80,"Kvaƒçany,,Z≈†",297,4
88,"Lipt.Sielnica,,PS",89,"Lipt.Sielnica,,r√°zc.",104,1
88,"Lipt.Sielnica,,PS",102,"Lipt.Matia≈°ovce,,po≈æ.zbroj.",270,3
88,"Lipt.Sielnica,,PS",103,"Lipt.Matia≈°ovce,,r√°zc.",186,2
89,"Lipt.Sielnica,,r√°zc.",79,"Kvaƒçany,,RD",378,6
89,"Lipt.Sielnica,,r√°zc.",88,"Lipt.Sielnica,,PS",118,1
89,"Lipt.Sielnica,,r√°zc.",161,"Lipt.Trnovec,,Kriv√Ω k√∫t",184,3
89,"Lipt.Sielnica,,r√°zc.",162,"Lipt.Trnovec,,Z≈†",243,4
89,"Lipt.Sielnica,,r√°zc.",199,"Prosiek,,r√°zc.",90,1
89,"Lipt.Sielnica,,r√°zc.",393,"Lipt.Trnovec,,ATC",252,5
89,"Lipt.Sielnica,,r√°zc.",398,"Prosiek,Z√°diel",162,1
90,"Lipt.Tepl√°,,≈†L",17,"Be≈°e≈?ov√°,,hotel Sumit",162,2
90,"Lipt.Tepl√°,,≈†L",62,"Lipt.Tepl√°,Madoƒçany,RENOP",117,2
90,"Lipt.Tepl√°,,≈†L",91,"Lipt.Tepl√°,,n√°m.",135,0.2
90,"Lipt.Tepl√°,,≈†L",93,"Lipt.Tepl√°,,≈æel.st.",189,1
90,"Lipt.Tepl√°,,≈†L",318,"Tur√≠k,,r√°zc.",108,2
91,"Lipt.Tepl√°,,n√°m.",90,"Lipt.Tepl√°,,≈†L",97,0.2
91,"Lipt.Tepl√°,,n√°m.",93,"Lipt.Tepl√°,,≈æel.st.",140,1
92,"Lipt.Tepl√°,,r√°zc.",62,"Lipt.Tepl√°,Madoƒçany,RENOP",94,1
92,"Lipt.Tepl√°,,r√°zc.",318,"Tur√≠k,,r√°zc.",118,2
93,"Lipt.Tepl√°,,≈æel.st.",90,"Lipt.Tepl√°,,≈†L",123,1
93,"Lipt.Tepl√°,,≈æel.st.",91,"Lipt.Tepl√°,,n√°m.",171,1
93,"Lipt.Tepl√°,,≈æel.st.",369,"Lipt.Tepl√°,,Prefa",88,0.2
94,"Potok,,Oc√ö",16,"Be≈°e≈?ov√°,,Jednota",270,2
94,"Potok,,Oc√ö",17,"Be≈°e≈?ov√°,,hotel Sumit",162,2
94,"Potok,,Oc√ö",95,"Potok,,u ≈Ωiaka 44",147,1
94,"Potok,,Oc√ö",465,"Be≈°e≈?ov√°,,bytovka 109",162,2
95,"Potok,,u ≈Ωiaka 44",94,"Potok,,Oc√ö",85,1
96,"Lipt.Matia≈°ovce,,SSC",101,"Lipt.Matia≈°ovce,Vy≈°n√© Matia≈°ovce",86,1
96,"Lipt.Matia≈°ovce,,SSC",416,"Kvaƒçany,,SSC",324,5
97,"Lipt.Beharovce,,Ben√≠kovsk√Ω",183,"Pavlova Ves,,kult.dom",108,1
98,"Lipt.Kƒæaƒçany,,gar√°≈æ SAD",99,"Lipt.Kƒæaƒçany,,kostol",72,1
99,"Lipt.Kƒæaƒçany,,kostol",98,"Lipt.Kƒæaƒçany,,gar√°≈æ SAD",68,1
99,"Lipt.Kƒæaƒçany,,kostol",100,"Lipt.Kƒæaƒçany,,samota",60,0.2
100,"Lipt.Kƒæaƒçany,,samota",99,"Lipt.Kƒæaƒçany,,kostol",62,0.2
100,"Lipt.Kƒæaƒçany,,samota",246,"ƒΩubeƒæa,,Humenn√Ω",60,1
101,"Lipt.Matia≈°ovce,Vy≈°n√© Matia≈°ovce",96,"Lipt.Matia≈°ovce,,SSC",108,1
101,"Lipt.Matia≈°ovce,Vy≈°n√© Matia≈°ovce",102,"Lipt.Matia≈°ovce,,po≈æ.zbroj.",116,1
101,"Lipt.Matia≈°ovce,Vy≈°n√© Matia≈°ovce",430,"Lipt.Matia≈°ovce,,kaplnka",63,1
102,"Lipt.Matia≈°ovce,,po≈æ.zbroj.",78,"Kvaƒçany,Dlh√° L√∫ka",162,3
102,"Lipt.Matia≈°ovce,,po≈æ.zbroj.",101,"Lipt.Matia≈°ovce,Vy≈°n√© Matia≈°ovce",88,1
102,"Lipt.Matia≈°ovce,,po≈æ.zbroj.",103,"Lipt.Matia≈°ovce,,r√°zc.",104,1
102,"Lipt.Matia≈°ovce,,po≈æ.zbroj.",430,"Lipt.Matia≈°ovce,,kaplnka",54,0.2
103,"Lipt.Matia≈°ovce,,r√°zc.",78,"Kvaƒçany,Dlh√° L√∫ka",100,2
103,"Lipt.Matia≈°ovce,,r√°zc.",88,"Lipt.Sielnica,,PS",196,2
103,"Lipt.Matia≈°ovce,,r√°zc.",89,"Lipt.Sielnica,,r√°zc.",270,3
103,"Lipt.Matia≈°ovce,,r√°zc.",102,"Lipt.Matia≈°ovce,,po≈æ.zbroj.",104,1
104,"Podture≈?,Rove≈?",123,"Lipt.Hr√°dok,,≈æel.st.",166,1
104,"Podture≈?,Rove≈?",187,"Podture≈?,,≈æel.zast.",130,2
105,"Lipt.Hr√°dok,Dovalovo,Petr√°≈°ko",84,"Lipt.Kokava,,Oravec",339,6
105,"Lipt.Hr√°dok,Dovalovo,Petr√°≈°ko",107,"Lipt.Hr√°dok,Dovalovo,pomn√≠k",108,0.2
106,"Lipt.Hr√°dok,Dovalovo,ƒç.d.433",107,"Lipt.Hr√°dok,Dovalovo,pomn√≠k",64,0.2
106,"Lipt.Hr√°dok,Dovalovo,ƒç.d.433",114,"Lipt.Hr√°dok,,Pod skalou",108,2
106,"Lipt.Hr√°dok,Dovalovo,ƒç.d.433",118,"Lipt.Hr√°dok,,Repƒçek",90,2
107,"Lipt.Hr√°dok,Dovalovo,pomn√≠k",87,"Lipt.Kokava,,po≈æ.zbroj.",648,7
107,"Lipt.Hr√°dok,Dovalovo,pomn√≠k",105,"Lipt.Hr√°dok,Dovalovo,Petr√°≈°ko",54,0.2
107,"Lipt.Hr√°dok,Dovalovo,pomn√≠k",106,"Lipt.Hr√°dok,Dovalovo,ƒç.d.433",71,0.2
107,"Lipt.Hr√°dok,Dovalovo,pomn√≠k",114,"Lipt.Hr√°dok,,Pod skalou",162,2
107,"Lipt.Hr√°dok,Dovalovo,pomn√≠k",120,"Lipt.Hr√°dok,,Z≈†",270,3
108,"Lipt.Hr√°dok,,J√°no≈°kov domov",77,"Kr√°ƒæova Lehota,,≈æel.st.",324,3
108,"Lipt.Hr√°dok,,J√°no≈°kov domov",113,"Lipt.Hr√°dok,,Ma≈°a",75,1
108,"Lipt.Hr√°dok,,J√°no≈°kov domov",121,"Lipt.Hr√°dok,,Tesla",324,3
108,"Lipt.Hr√°dok,,J√°no≈°kov domov",122,"Lipt.Hr√°dok,,cint.",106,2
109,"Lipt.Peter,,RD",110,"Lipt.Peter,,Bytovky",140,1
109,"Lipt.Peter,,RD",168,"Jamn√≠k,,Mokraƒè",81,1
109,"Lipt.Peter,,RD",213,"Vavri≈°ovo,,Oc√ö",324,4
110,"Lipt.Peter,,Bytovky",109,"Lipt.Peter,,RD",61,1
110,"Lipt.Peter,,Bytovky",114,"Lipt.Hr√°dok,,Pod skalou",91,1
110,"Lipt.Peter,,Bytovky",119,"Lipt.Hr√°dok,,Sokolov≈?a",108,2
110,"Lipt.Peter,,Bytovky",168,"Jamn√≠k,,Mokraƒè",135,2
110,"Lipt.Peter,,Bytovky",213,"Vavri≈°ovo,,Oc√ö",230,3
110,"Lipt.Peter,,Bytovky",402,"Jamn√≠k,,Jednota",162,3
111,"Lipt.Peter,,pomn√≠k",110,"Lipt.Peter,,Bytovky",94,0.2
111,"Lipt.Peter,,pomn√≠k",213,"Vavri≈°ovo,,Oc√ö",270,3
113,"Lipt.Hr√°dok,,Ma≈°a",66,"Hybe,,r√°zc.",97,1
113,"Lipt.Hr√°dok,,Ma≈°a",76,"Kr√°ƒæova Lehota,,Preglejka",108,2
113,"Lipt.Hr√°dok,,Ma≈°a",77,"Kr√°ƒæova Lehota,,≈æel.st.",228,2
113,"Lipt.Hr√°dok,,Ma≈°a",108,"Lipt.Hr√°dok,,J√°no≈°kov domov",94,1
113,"Lipt.Hr√°dok,,Ma≈°a",384,"Kr√°ƒæova Lehota,,Preglejka ≈°t.cesta",108,2
114,"Lipt.Hr√°dok,,Pod skalou",110,"Lipt.Peter,,Bytovky",108,1
114,"Lipt.Hr√°dok,,Pod skalou",111,"Lipt.Peter,,pomn√≠k",135,1
114,"Lipt.Hr√°dok,,Pod skalou",118,"Lipt.Hr√°dok,,Repƒçek",64,0.2
114,"Lipt.Hr√°dok,,Pod skalou",119,"Lipt.Hr√°dok,,Sokolov≈?a",90,1
114,"Lipt.Hr√°dok,,Pod skalou",120,"Lipt.Hr√°dok,,Z≈†",108,1
114,"Lipt.Hr√°dok,,Pod skalou",122,"Lipt.Hr√°dok,,cint.",106,1
114,"Lipt.Hr√°dok,,Pod skalou",123,"Lipt.Hr√°dok,,≈æel.st.",250,2
115,"Lipt.Por√∫bka,,Chomov√°",116,"Lipt.Por√∫bka,,Kubek",90,1
116,"Lipt.Por√∫bka,,Kubek",115,"Lipt.Por√∫bka,,Chomov√°",63,1
116,"Lipt.Por√∫bka,,Kubek",117,"Lipt.Por√∫bka,,pri moste",117,0.2
117,"Lipt.Por√∫bka,,pri moste",116,"Lipt.Por√∫bka,,Kubek",63,0.2
117,"Lipt.Por√∫bka,,pri moste",120,"Lipt.Hr√°dok,,Z≈†",162,2
117,"Lipt.Por√∫bka,,pri moste",123,"Lipt.Hr√°dok,,≈æel.st.",238,2
118,"Lipt.Hr√°dok,,Repƒçek",106,"Lipt.Hr√°dok,Dovalovo,ƒç.d.433",89,2
118,"Lipt.Hr√°dok,,Repƒçek",114,"Lipt.Hr√°dok,,Pod skalou",61,0.2
119,"Lipt.Hr√°dok,,Sokolov≈?a",114,"Lipt.Hr√°dok,,Pod skalou",76,1
119,"Lipt.Hr√°dok,,Sokolov≈?a",120,"Lipt.Hr√°dok,,Z≈†",81,0.2
119,"Lipt.Hr√°dok,,Sokolov≈?a",122,"Lipt.Hr√°dok,,cint.",108,1
119,"Lipt.Hr√°dok,,Sokolov≈?a",123,"Lipt.Hr√°dok,,≈æel.st.",162,1
120,"Lipt.Hr√°dok,,Z≈†",117,"Lipt.Por√∫bka,,pri moste",162,2
120,"Lipt.Hr√°dok,,Z≈†",119,"Lipt.Hr√°dok,,Sokolov≈?a",105,0.2
120,"Lipt.Hr√°dok,,Z≈†",121,"Lipt.Hr√°dok,,Tesla",108,1
120,"Lipt.Hr√°dok,,Z≈†",123,"Lipt.Hr√°dok,,≈æel.st.",243,1
121,"Lipt.Hr√°dok,,Tesla",122,"Lipt.Hr√°dok,,cint.",126,1
121,"Lipt.Hr√°dok,,Tesla",123,"Lipt.Hr√°dok,,≈æel.st.",224,2
121,"Lipt.Hr√°dok,,Tesla",431,"Lipt.Hr√°dok,,Alcatel",292,0.4
122,"Lipt.Hr√°dok,,cint.",61,"Hybe,,Lehotsk√Ω Adam",324,7
122,"Lipt.Hr√°dok,,cint.",108,"Lipt.Hr√°dok,,J√°no≈°kov domov",103,2
122,"Lipt.Hr√°dok,,cint.",114,"Lipt.Hr√°dok,,Pod skalou",73,1
122,"Lipt.Hr√°dok,,cint.",117,"Lipt.Por√∫bka,,pri moste",270,2
122,"Lipt.Hr√°dok,,cint.",121,"Lipt.Hr√°dok,,Tesla",126,1
122,"Lipt.Hr√°dok,,cint.",123,"Lipt.Hr√°dok,,≈æel.st.",153,1
123,"Lipt.Hr√°dok,,≈æel.st.",104,"Podture≈?,Rove≈?",104,1
123,"Lipt.Hr√°dok,,≈æel.st.",107,"Lipt.Hr√°dok,Dovalovo,pomn√≠k",324,4
123,"Lipt.Hr√°dok,,≈æel.st.",108,"Lipt.Hr√°dok,,J√°no≈°kov domov",140,3
123,"Lipt.Hr√°dok,,≈æel.st.",114,"Lipt.Hr√°dok,,Pod skalou",135,2
123,"Lipt.Hr√°dok,,≈æel.st.",117,"Lipt.Por√∫bka,,pri moste",230,2
123,"Lipt.Hr√°dok,,≈æel.st.",120,"Lipt.Hr√°dok,,Z≈†",148,1
123,"Lipt.Hr√°dok,,≈æel.st.",121,"Lipt.Hr√°dok,,Tesla",201,2
123,"Lipt.Hr√°dok,,≈æel.st.",122,"Lipt.Hr√°dok,,cint.",76,1
123,"Lipt.Hr√°dok,,≈æel.st.",126,"Uhorsk√° Ves,,r√°zc.",162,4
123,"Lipt.Hr√°dok,,≈æel.st.",138,"Lipt.Hr√°dok,,SOUE",162,2
123,"Lipt.Hr√°dok,,≈æel.st.",187,"Podture≈?,,≈æel.zast.",195,3
123,"Lipt.Hr√°dok,,≈æel.st.",431,"Lipt.Hr√°dok,,Alcatel",238,2
124,"Lipt.J√°n,,Jednota",125,"Lipt.J√°n,,Z≈†",96,1
124,"Lipt.J√°n,,Jednota",127,"Lipt.J√°n,,zot.ƒéumbier",162,1
124,"Lipt.J√°n,,Jednota",453,"Lipt.J√°n,,ul.Staroj√°nska Z≈†",324,1
125,"Lipt.J√°n,,Z≈†",124,"Lipt.J√°n,,Jednota",100,1
125,"Lipt.J√°n,,Z≈†",212,"Uhorsk√° Ves,,centrum",120,1
126,"Uhorsk√° Ves,,r√°zc.",12,"Be≈?adikov√°,,PD",54,2
126,"Uhorsk√° Ves,,r√°zc.",14,"Be≈?adikov√°,,r√°zc.",64,1
126,"Uhorsk√° Ves,,r√°zc.",123,"Lipt.Hr√°dok,,≈æel.st.",216,4
126,"Uhorsk√° Ves,,r√°zc.",144,"Lipt.Mikul√°≈°,Sto≈°ice,r√°zc.",135,2
126,"Uhorsk√° Ves,,r√°zc.",145,"Lipt.Mikul√°≈°,Okoliƒçn√©,Z≈†",209,3
126,"Uhorsk√° Ves,,r√°zc.",186,"Podture≈?,,Jednota",270,1
126,"Uhorsk√° Ves,,r√°zc.",187,"Podture≈?,,≈æel.zast.",94,1
126,"Uhorsk√° Ves,,r√°zc.",212,"Uhorsk√° Ves,,centrum",72,1
127,"Lipt.J√°n,,zot.ƒéumbier",124,"Lipt.J√°n,,Jednota",204,1
127,"Lipt.J√°n,,zot.ƒéumbier",448,"Lipt.J√°n,,hotel Bystr√°",72,1
128,"Lipt.Michal,,Jednota",17,"Be≈°e≈?ov√°,,hotel Sumit",135,1
128,"Lipt.Michal,,Jednota",129,"Lipt.Michal,,otoƒç.",63,0.2
128,"Lipt.Michal,,Jednota",465,"Be≈°e≈?ov√°,,bytovka 109",54,1
129,"Lipt.Michal,,otoƒç.",128,"Lipt.Michal,,Jednota",108,0.2
129,"Lipt.Michal,,otoƒç.",465,"Be≈°e≈?ov√°,,bytovka 109",108,1
130,"Lipt.Michal,,r√°zc.",19,"Ivachnov√°,,r√°zc.",153,2
130,"Lipt.Michal,,r√°zc.",177,"Partiz√°nska ƒΩupƒça,,Kost√¥lok",177,3
130,"Lipt.Michal,,r√°zc.",182,"Partiz√°nska ƒΩupƒça,,r√°zc.pri st√≠nan√≠",189,2
131,"Lipt.Mikul√°≈°,Andice,r√°zc.",48,"Galovany,,r√°zc.",94,2
131,"Lipt.Mikul√°≈°,Andice,r√°zc.",134,"Lipt.Mikul√°≈°,Benice,r√°zc.",54,1
131,"Lipt.Mikul√°≈°,Andice,r√°zc.",147,"Lipt.Mikul√°≈°,Pal√∫dzka,LAS",131,3
131,"Lipt.Mikul√°≈°,Andice,r√°zc.",149,"Lipt.Mikul√°≈°,Pal√∫dzka,nem.",216,4
132,"Lipt.Mikul√°≈°,Andice,H√°ƒçik",48,"Galovany,,r√°zc.",94,2
132,"Lipt.Mikul√°≈°,Andice,H√°ƒçik",131,"Lipt.Mikul√°≈°,Andice,r√°zc.",54,0.2
132,"Lipt.Mikul√°≈°,Andice,H√°ƒçik",133,"Lipt.Mikul√°≈°,Benice,Goreck√Ω",81,1
133,"Lipt.Mikul√°≈°,Benice,Goreck√Ω",132,"Lipt.Mikul√°≈°,Andice,H√°ƒçik",66,1
133,"Lipt.Mikul√°≈°,Benice,Goreck√Ω",147,"Lipt.Mikul√°≈°,Pal√∫dzka,LAS",135,2
134,"Lipt.Mikul√°≈°,Benice,r√°zc.",131,"Lipt.Mikul√°≈°,Andice,r√°zc.",54,1
134,"Lipt.Mikul√°≈°,Benice,r√°zc.",147,"Lipt.Mikul√°≈°,Pal√∫dzka,LAS",108,2
135,"Lipt.Mikul√°≈°,,centrum",143,"Lipt.Mikul√°≈°,,lek√°re≈?",115,1
135,"Lipt.Mikul√°≈°,,centrum",145,"Lipt.Mikul√°≈°,Okoliƒçn√©,Z≈†",216,3
135,"Lipt.Mikul√°≈°,,centrum",152,"Lipt.Mikul√°≈°,,LIDL",162,2
135,"Lipt.Mikul√°≈°,,centrum",436,"Lipt.Mikul√°≈°,,Moƒçiare Voj.akad.",270,3
135,"Lipt.Mikul√°≈°,,centrum",437,"Lipt.Mikul√°≈°,,ul.≈†t√∫rova Ms√ö",162,1
135,"Lipt.Mikul√°≈°,,centrum",455,"Lipt.Mikul√°≈°,,Rachmaninovo n√°m.",124,1
136,"Lipt.Mikul√°≈°,Dem√§nov√°,r√°zc.",41,"Dem√§novsk√° Dolina,,autocamp.",239,4
136,"Lipt.Mikul√°≈°,Dem√§nov√°,r√°zc.",143,"Lipt.Mikul√°≈°,,lek√°re≈?",324,4
136,"Lipt.Mikul√°≈°,Dem√§nov√°,r√°zc.",148,"Lipt.Mikul√°≈°,Pal√∫dzka,Z≈†",243,3
136,"Lipt.Mikul√°≈°,Dem√§nov√°,r√°zc.",252,"Dem√§novsk√° Dolina,,centr.park.",126,3
136,"Lipt.Mikul√°≈°,Dem√§nov√°,r√°zc.",436,"Lipt.Mikul√°≈°,,Moƒçiare Voj.akad.",79,1
137,"D√∫brava,,otoƒç.≈†M",45,"D√∫brava,,z√°vod",68,1
138,"Lipt.Hr√°dok,,SOUE",123,"Lipt.Hr√°dok,,≈æel.st.",486,2
138,"Lipt.Hr√°dok,,SOUE",431,"Lipt.Hr√°dok,,Alcatel",108,0.2
139,"Lipt.Mikul√°≈°,,Komensk√©ho ul.M≈†",401,"Lipt.Mikul√°≈°,,AS",130,1
140,"Veƒæk√© Borov√©,,Jednota",219,"Veƒæk√© Borov√©,,Salaj",54,0.2
140,"Veƒæk√© Borov√©,,Jednota",220,"Veƒæk√© Borov√©,,≈†krl√°k",135,0.2
141,"Lipt.Mikul√°≈°,,ul.Revoluƒçn√° Lidl",409,"Lipt.Mikul√°≈°,Lipt.Ondra≈°ov√°,most",66,1
143,"Lipt.Mikul√°≈°,,lek√°re≈?",401,"Lipt.Mikul√°≈°,,AS",131,1
144,"Lipt.Mikul√°≈°,Sto≈°ice,r√°zc.",12,"Be≈?adikov√°,,PD",270,2
144,"Lipt.Mikul√°≈°,Sto≈°ice,r√°zc.",14,"Be≈?adikov√°,,r√°zc.",68,1
144,"Lipt.Mikul√°≈°,Sto≈°ice,r√°zc.",126,"Uhorsk√° Ves,,r√°zc.",108,2
144,"Lipt.Mikul√°≈°,Sto≈°ice,r√°zc.",145,"Lipt.Mikul√°≈°,Okoliƒçn√©,Z≈†",88,1
145,"Lipt.Mikul√°≈°,Okoliƒçn√©,Z≈†",14,"Be≈?adikov√°,,r√°zc.",108,2
145,"Lipt.Mikul√°≈°,Okoliƒçn√©,Z≈†",126,"Uhorsk√° Ves,,r√°zc.",148,3
145,"Lipt.Mikul√°≈°,Okoliƒçn√©,Z≈†",144,"Lipt.Mikul√°≈°,Sto≈°ice,r√°zc.",68,1
145,"Lipt.Mikul√°≈°,Okoliƒçn√©,Z≈†",146,"Lipt.Mikul√°≈°,Okoliƒçn√©,otoƒç.",54,0.2
145,"Lipt.Mikul√°≈°,Okoliƒçn√©,Z≈†",150,"Lipt.Mikul√°≈°,,Podbreziny",134,2
145,"Lipt.Mikul√°≈°,Okoliƒçn√©,Z≈†",154,"Lipt.Mikul√°≈°,,Lipt.mliekarne",64,0.2
145,"Lipt.Mikul√°≈°,Okoliƒçn√©,Z≈†",187,"Podture≈?,,≈æel.zast.",216,4
145,"Lipt.Mikul√°≈°,Okoliƒçn√©,Z≈†",238,"Z√°va≈æn√° Poruba,,Luhy",108,1
145,"Lipt.Mikul√°≈°,Okoliƒçn√©,Z≈†",415,"Lipt.Mikul√°≈°,,Podbreziny otoƒç.",216,2
145,"Lipt.Mikul√°≈°,Okoliƒçn√©,Z≈†",463,"Lipt.Mikul√°≈°,,St.NICOLAUS",120,1
146,"Lipt.Mikul√°≈°,Okoliƒçn√©,otoƒç.",145,"Lipt.Mikul√°≈°,Okoliƒçn√©,Z≈†",86,0.2
146,"Lipt.Mikul√°≈°,Okoliƒçn√©,otoƒç.",238,"Z√°va≈æn√° Poruba,,Luhy",54,1
147,"Lipt.Mikul√°≈°,Pal√∫dzka,LAS",131,"Lipt.Mikul√°≈°,Andice,r√°zc.",133,3
147,"Lipt.Mikul√°≈°,Pal√∫dzka,LAS",133,"Lipt.Mikul√°≈°,Benice,Goreck√Ω",142,2
147,"Lipt.Mikul√°≈°,Pal√∫dzka,LAS",134,"Lipt.Mikul√°≈°,Benice,r√°zc.",108,2
147,"Lipt.Mikul√°≈°,Pal√∫dzka,LAS",149,"Lipt.Mikul√°≈°,Pal√∫dzka,nem.",88,1
147,"Lipt.Mikul√°≈°,Pal√∫dzka,LAS",410,"Lipt.Mikul√°≈°,Pal√∫dzka,ul.Palugyayho",54,0.2
148,"Lipt.Mikul√°≈°,Pal√∫dzka,Z≈†",136,"Lipt.Mikul√°≈°,Dem√§nov√°,r√°zc.",216,3
148,"Lipt.Mikul√°≈°,Pal√∫dzka,Z≈†",143,"Lipt.Mikul√°≈°,,lek√°re≈?",137,1
148,"Lipt.Mikul√°≈°,Pal√∫dzka,Z≈†",436,"Lipt.Mikul√°≈°,,Moƒçiare Voj.akad.",171,2
149,"Lipt.Mikul√°≈°,Pal√∫dzka,nem.",131,"Lipt.Mikul√°≈°,Andice,r√°zc.",162,4
149,"Lipt.Mikul√°≈°,Pal√∫dzka,nem.",133,"Lipt.Mikul√°≈°,Benice,Goreck√Ω",162,3
149,"Lipt.Mikul√°≈°,Pal√∫dzka,nem.",143,"Lipt.Mikul√°≈°,,lek√°re≈?",99,1
149,"Lipt.Mikul√°≈°,Pal√∫dzka,nem.",147,"Lipt.Mikul√°≈°,Pal√∫dzka,LAS",80,1
149,"Lipt.Mikul√°≈°,Pal√∫dzka,nem.",410,"Lipt.Mikul√°≈°,Pal√∫dzka,ul.Palugyayho",58,1
150,"Lipt.Mikul√°≈°,,Podbreziny",145,"Lipt.Mikul√°≈°,Okoliƒçn√©,Z≈†",118,2
150,"Lipt.Mikul√°≈°,,Podbreziny",151,"Lipt.Mikul√°≈°,Vit√°li≈°ovce",100,0.2
150,"Lipt.Mikul√°≈°,,Podbreziny",222,"Vetern√° Poruba,,ƒç.d.5",277,3
150,"Lipt.Mikul√°≈°,,Podbreziny",414,"Lipt.Mikul√°≈°,,Podbreziny Juh",54,0.2
151,"Lipt.Mikul√°≈°,Vit√°li≈°ovce",150,"Lipt.Mikul√°≈°,,Podbreziny",87,0.2
151,"Lipt.Mikul√°≈°,Vit√°li≈°ovce",461,"Smreƒçany,,bytovky",162,3
152,"Lipt.Mikul√°≈°,,LIDL",145,"Lipt.Mikul√°≈°,Okoliƒçn√©,Z≈†",143,1
152,"Lipt.Mikul√°≈°,,LIDL",154,"Lipt.Mikul√°≈°,,Lipt.mliekarne",80,1
153,"Lipt.Mikul√°≈°,,hotel J√°no≈°√≠k",141,"Lipt.Mikul√°≈°,,ul.Revoluƒçn√° Lidl",67,1
153,"Lipt.Mikul√°≈°,,hotel J√°no≈°√≠k",409,"Lipt.Mikul√°≈°,Lipt.Ondra≈°ov√°,most",99,2
154,"Lipt.Mikul√°≈°,,Lipt.mliekarne",145,"Lipt.Mikul√°≈°,Okoliƒçn√©,Z≈†",96,0.2
154,"Lipt.Mikul√°≈°,,Lipt.mliekarne",463,"Lipt.Mikul√°≈°,,St.NICOLAUS",89,1
155,"Lipt.Mikul√°≈°,,STOP SHOP",135,"Lipt.Mikul√°≈°,,centrum",97,1
156,"Konsk√°,,Z≈†",157,"Konsk√°,,h√°jenka",81,1
156,"Konsk√°,,Z≈†",160,"Lipt.Ondrej,,r√°zc.",270,3
157,"Konsk√°,,h√°jenka",156,"Konsk√°,,Z≈†",79,1
157,"Konsk√°,,h√°jenka",158,"Lipt.Ondrej,,Uliƒçn√Ω",146,1
158,"Lipt.Ondrej,,Uliƒçn√Ω",157,"Konsk√°,,h√°jenka",152,1
158,"Lipt.Ondrej,,Uliƒçn√Ω",160,"Lipt.Ondrej,,r√°zc.",97,1
159,"Lipt.Ondrej,,beton√°rka",13,"Be≈?adikov√°,,kult.dom",135,2
159,"Lipt.Ondrej,,beton√°rka",160,"Lipt.Ondrej,,r√°zc.",108,1
160,"Lipt.Ondrej,,r√°zc.",12,"Be≈?adikov√°,,PD",270,3
160,"Lipt.Ondrej,,r√°zc.",13,"Be≈?adikov√°,,kult.dom",252,3
160,"Lipt.Ondrej,,r√°zc.",69,"Jakubovany,,Hrƒça",108,1
160,"Lipt.Ondrej,,r√°zc.",70,"Jakubovany,,Kuch√°rik",64,1
160,"Lipt.Ondrej,,r√°zc.",73,"Jamn√≠k,,RD otoƒç.",378,2
160,"Lipt.Ondrej,,r√°zc.",158,"Lipt.Ondrej,,Uliƒçn√Ω",59,1
160,"Lipt.Ondrej,,r√°zc.",159,"Lipt.Ondrej,,beton√°rka",135,1
161,"Lipt.Trnovec,,Kriv√Ω k√∫t",89,"Lipt.Sielnica,,r√°zc.",187,3
161,"Lipt.Trnovec,,Kriv√Ω k√∫t",162,"Lipt.Trnovec,,Z≈†",97,1
162,"Lipt.Trnovec,,Z≈†",89,"Lipt.Sielnica,,r√°zc.",216,4
162,"Lipt.Trnovec,,Z≈†",161,"Lipt.Trnovec,,Kriv√Ω k√∫t",76,1
162,"Lipt.Trnovec,,Z≈†",163,"Lipt.Trnovec,,r√°zc.",76,1
162,"Lipt.Trnovec,,Z≈†",409,"Lipt.Mikul√°≈°,Lipt.Ondra≈°ov√°,most",270,5
163,"Lipt.Trnovec,,r√°zc.",162,"Lipt.Trnovec,,Z≈†",90,1
163,"Lipt.Trnovec,,r√°zc.",409,"Lipt.Mikul√°≈°,Lipt.Ondra≈°ov√°,most",227,4
163,"Lipt.Trnovec,,r√°zc.",440,"Lipt.Mikul√°≈°,,Aqua Park",208,2
164,"Malat√≠ny,,Ni≈æn√©",165,"Malat√≠ny,,Stredn√©",108,1
164,"Malat√≠ny,,Ni≈æn√©",167,"Malat√≠ny,,r√°zc.",108,1
164,"Malat√≠ny,,Ni≈æn√©",182,"Partiz√°nska ƒΩupƒça,,r√°zc.pri st√≠nan√≠",162,3
165,"Malat√≠ny,,Stredn√©",164,"Malat√≠ny,,Ni≈æn√©",108,1
165,"Malat√≠ny,,Stredn√©",166,"Malat√≠ny,,Vy≈°n√©",108,1
165,"Malat√≠ny,,Stredn√©",177,"Partiz√°nska ƒΩupƒça,,Kost√¥lok",162,2
166,"Malat√≠ny,,Vy≈°n√©",165,"Malat√≠ny,,Stredn√©",54,1
167,"Malat√≠ny,,r√°zc.",164,"Malat√≠ny,,Ni≈æn√©",162,1
167,"Malat√≠ny,,r√°zc.",166,"Malat√≠ny,,Vy≈°n√©",54,1
167,"Malat√≠ny,,r√°zc.",177,"Partiz√°nska ƒΩupƒça,,Kost√¥lok",108,2
167,"Malat√≠ny,,r√°zc.",182,"Partiz√°nska ƒΩupƒça,,r√°zc.pri st√≠nan√≠",150,2
167,"Malat√≠ny,,r√°zc.",251,"ƒΩubeƒæa,,r√°zc.",126,2
168,"Jamn√≠k,,Mokraƒè",109,"Lipt.Peter,,RD",54,1
168,"Jamn√≠k,,Mokraƒè",110,"Lipt.Peter,,Bytovky",225,2
168,"Jamn√≠k,,Mokraƒè",213,"Vavri≈°ovo,,Oc√ö",270,5
168,"Jamn√≠k,,Mokraƒè",402,"Jamn√≠k,,Jednota",146,1
169,Mal√© Borov√©,170,"Mal√© Borov√©,Novo≈•",54,1
170,"Mal√© Borov√©,Novo≈•",59,"Huty,,r√°zc.na Mal√© Borov√©",108,1
170,"Mal√© Borov√©,Novo≈•",169,Mal√© Borov√©,81,1
171,"Malu≈æin√°,,Liptov",172,"Malu≈æin√°,,kult.dom",108,0.2
171,"Malu≈æin√°,,Liptov",173,"Malu≈æin√°,,r√°zc.",63,1
171,"Malu≈æin√°,,Liptov",210,"Malu≈æin√°,,Svidovo r√°zc.",85,0.2
172,"Malu≈æin√°,,kult.dom",171,"Malu≈æin√°,,Liptov",54,0.2
172,"Malu≈æin√°,,kult.dom",175,"Ni≈æn√° Boca,,ƒåerven√° Voda",108,3
173,"Malu≈æin√°,,r√°zc.",171,"Malu≈æin√°,,Liptov",81,1
173,"Malu≈æin√°,,r√°zc.",172,"Malu≈æin√°,,kult.dom",108,1
173,"Malu≈æin√°,,r√°zc.",175,"Ni≈æn√° Boca,,ƒåerven√° Voda",108,2
174,"Kr√°ƒæova Lehota,,Michalovo Ga≈°par√≠k",74,"Kr√°ƒæova Lehota,,Cestn√© stavby obal.",108,2
174,"Kr√°ƒæova Lehota,,Michalovo Ga≈°par√≠k",171,"Malu≈æin√°,,Liptov",162,2
174,"Kr√°ƒæova Lehota,,Michalovo Ga≈°par√≠k",210,"Malu≈æin√°,,Svidovo r√°zc.",108,2
174,"Kr√°ƒæova Lehota,,Michalovo Ga≈°par√≠k",384,"Kr√°ƒæova Lehota,,Preglejka ≈°t.cesta",216,3
175,"Ni≈æn√° Boca,,ƒåerven√° Voda",173,"Malu≈æin√°,,r√°zc.",117,2
175,"Ni≈æn√° Boca,,ƒåerven√° Voda",176,"Ni≈æn√° Boca,,Z√°hradn√≠k",85,1
176,"Ni≈æn√° Boca,,Z√°hradn√≠k",173,"Malu≈æin√°,,r√°zc.",162,3
176,"Ni≈æn√° Boca,,Z√°hradn√≠k",175,"Ni≈æn√° Boca,,ƒåerven√° Voda",81,1
176,"Ni≈æn√° Boca,,Z√°hradn√≠k",203,"Ni≈æn√° Boca,,Stred.Boca Herich",90,2
176,"Ni≈æn√° Boca,,Z√°hradn√≠k",235,"Vy≈°n√° Boca,,Z≈†",162,4
177,"Partiz√°nska ƒΩupƒça,,Kost√¥lok",130,"Lipt.Michal,,r√°zc.",202,3
177,"Partiz√°nska ƒΩupƒça,,Kost√¥lok",167,"Malat√≠ny,,r√°zc.",135,2
177,"Partiz√°nska ƒΩupƒça,,Kost√¥lok",178,"Partiz√°nska ƒΩupƒça,,Smitek",162,1
177,"Partiz√°nska ƒΩupƒça,,Kost√¥lok",180,"Partiz√°nska ƒΩupƒça,,kult.dom",54,1
177,"Partiz√°nska ƒΩupƒça,,Kost√¥lok",182,"Partiz√°nska ƒΩupƒça,,r√°zc.pri st√≠nan√≠",46,0.2
178,"Partiz√°nska ƒΩupƒça,,Smitek",179,"Partiz√°nska ƒΩupƒça,,ƒç.d.253",58,0.2
178,"Partiz√°nska ƒΩupƒça,,Smitek",181,"Partiz√°nska ƒΩupƒça,,otoƒç.≈†M",126,1
179,"Partiz√°nska ƒΩupƒça,,ƒç.d.253",178,"Partiz√°nska ƒΩupƒça,,Smitek",54,0.2
179,"Partiz√°nska ƒΩupƒça,,ƒç.d.253",180,"Partiz√°nska ƒΩupƒça,,kult.dom",96,0.2
180,"Partiz√°nska ƒΩupƒça,,kult.dom",177,"Partiz√°nska ƒΩupƒça,,Kost√¥lok",70,1
180,"Partiz√°nska ƒΩupƒça,,kult.dom",179,"Partiz√°nska ƒΩupƒça,,ƒç.d.253",54,0.2
181,"Partiz√°nska ƒΩupƒça,,otoƒç.≈†M",178,"Partiz√°nska ƒΩupƒça,,Smitek",85,1
182,"Partiz√°nska ƒΩupƒça,,r√°zc.pri st√≠nan√≠",130,"Lipt.Michal,,r√°zc.",162,2
182,"Partiz√°nska ƒΩupƒça,,r√°zc.pri st√≠nan√≠",164,"Malat√≠ny,,Ni≈æn√©",198,3
182,"Partiz√°nska ƒΩupƒça,,r√°zc.pri st√≠nan√≠",167,"Malat√≠ny,,r√°zc.",135,2
182,"Partiz√°nska ƒΩupƒça,,r√°zc.pri st√≠nan√≠",177,"Partiz√°nska ƒΩupƒça,,Kost√¥lok",54,0.2
183,"Pavlova Ves,,kult.dom",15,"Lipt.Beharovce,,Ben√≠ky r√°zc.",93,1
183,"Pavlova Ves,,kult.dom",21,"Bobrovec,,Huraj",216,3
183,"Pavlova Ves,,kult.dom",27,"Bobrovec,,r√°zc.",208,3
183,"Pavlova Ves,,kult.dom",97,"Lipt.Beharovce,,Ben√≠kovsk√Ω",99,1
184,"Pavƒçina Lehota,,Hate",41,"Dem√§novsk√° Dolina,,autocamp.",58,0.2
184,"Pavƒçina Lehota,,Hate",185,"Pavƒçina Lehota,,gar√°≈æ",68,1
185,"Pavƒçina Lehota,,gar√°≈æ",184,"Pavƒçina Lehota,,Hate",58,1
186,"Podture≈?,,Jednota",126,"Uhorsk√° Ves,,r√°zc.",162,1
187,"Podture≈?,,≈æel.zast.",14,"Be≈?adikov√°,,r√°zc.",108,2
187,"Podture≈?,,≈æel.zast.",104,"Podture≈?,Rove≈?",114,2
187,"Podture≈?,,≈æel.zast.",123,"Lipt.Hr√°dok,,≈æel.st.",189,3
187,"Podture≈?,,≈æel.zast.",126,"Uhorsk√° Ves,,r√°zc.",70,1
187,"Podture≈?,,≈æel.zast.",145,"Lipt.Mikul√°≈°,Okoliƒçn√©,Z≈†",234,4
188,"Pribylina,,Hrdovo",190,"Pribylina,,Kokavsk√Ω most",72,1
188,"Pribylina,,Hrdovo",191,"Pribylina,,Pot√¥ƒçky",54,1
188,"Pribylina,,Hrdovo",403,"Pribylina,,Raƒç.dol.r√°z.h.Esperanto",216,4
189,"Pribylina,,Kamenn√° dol.",190,"Pribylina,,Kokavsk√Ω most",108,1
189,"Pribylina,,Kamenn√° dol.",377,"Pribylina,,Zruby",54,1
190,"Pribylina,,Kokavsk√Ω most",188,"Pribylina,,Hrdovo",90,1
190,"Pribylina,,Kokavsk√Ω most",189,"Pribylina,,Kamenn√° dol.",108,1
190,"Pribylina,,Kokavsk√Ω most",377,"Pribylina,,Zruby",108,2
191,"Pribylina,,Pot√¥ƒçky",188,"Pribylina,,Hrdovo",108,1
191,"Pribylina,,Pot√¥ƒçky",403,"Pribylina,,Raƒç.dol.r√°z.h.Esperanto",162,3
192,"Pribylina,,Z≈†",194,"Pribylina,,po≈æ.zbroj.",79,1
192,"Pribylina,,Z≈†",214,"Vavri≈°ovo,,po≈æ.zbroj.",209,3
193,"Pribylina,,gar√°≈æ SAD",194,"Pribylina,,po≈æ.zbroj.",135,1
193,"Pribylina,,gar√°≈æ SAD",403,"Pribylina,,Raƒç.dol.r√°z.h.Esperanto",72,1
194,"Pribylina,,po≈æ.zbroj.",192,"Pribylina,,Z≈†",71,1
194,"Pribylina,,po≈æ.zbroj.",193,"Pribylina,,gar√°≈æ SAD",122,1
196,"Prosiek,,ƒç.d.26",68,I≈æipovce,252,3
196,"Prosiek,,ƒç.d.26",197,"Prosiek,,gar√°≈æ SAD",54,0.2
196,"Prosiek,,ƒç.d.26",199,"Prosiek,,r√°zc.",162,2
197,"Prosiek,,gar√°≈æ SAD",196,"Prosiek,,ƒç.d.26",68,0.2
197,"Prosiek,,gar√°≈æ SAD",198,"Prosiek,,otoƒç.",54,1
198,"Prosiek,,otoƒç.",68,I≈æipovce,270,4
198,"Prosiek,,otoƒç.",197,"Prosiek,,gar√°≈æ SAD",72,1
199,"Prosiek,,r√°zc.",29,"Bobrovn√≠k,Hlin√≠k,r√°zc.",108,2
199,"Prosiek,,r√°zc.",88,"Lipt.Sielnica,,PS",432,2
199,"Prosiek,,r√°zc.",89,"Lipt.Sielnica,,r√°zc.",126,1
199,"Prosiek,,r√°zc.",196,"Prosiek,,ƒç.d.26",216,2
199,"Prosiek,,r√°zc.",398,"Prosiek,Z√°diel",54,0.2
200,"Smreƒçany,,≈†irica",201,"Smreƒçany,,kostol",91,1
200,"Smreƒçany,,≈†irica",461,"Smreƒçany,,bytovky",71,0.2
201,"Smreƒçany,,kostol",200,"Smreƒçany,,≈†irica",83,1
201,"Smreƒçany,,kostol",202,"Smreƒçany,,otoƒç.",62,0.2
202,"Smreƒçany,,otoƒç.",201,"Smreƒçany,,kostol",87,0.2
202,"Smreƒçany,,otoƒç.",241,"≈Ωiar,,cint.",83,1
203,"Ni≈æn√° Boca,,Stred.Boca Herich",176,"Ni≈æn√° Boca,,Z√°hradn√≠k",154,2
203,"Ni≈æn√° Boca,,Stred.Boca Herich",235,"Vy≈°n√° Boca,,Z≈†",135,2
204,"Sv√§t√Ω Kr√≠≈æ,,Obecn√Ω √∫rad",206,"Sv√§t√Ω Kr√≠≈æ,,Vy≈°n√Ω koniec",81,1
204,"Sv√§t√Ω Kr√≠≈æ,,Obecn√Ω √∫rad",207,"Sv√§t√Ω Kr√≠≈æ,,Z≈†",68,0.2
205,"Sv√§t√Ω Kr√≠≈æ,,C√≠novisko",46,"Galovany,,ƒç.d.1",230,2
205,"Sv√§t√Ω Kr√≠≈æ,,C√≠novisko",47,"Galovany,,ƒç.d.51",216,2
205,"Sv√§t√Ω Kr√≠≈æ,,C√≠novisko",48,"Galovany,,r√°zc.",130,1
205,"Sv√§t√Ω Kr√≠≈æ,,C√≠novisko",54,"G√¥tovany,,r√°zc.",108,3
205,"Sv√§t√Ω Kr√≠≈æ,,C√≠novisko",207,"Sv√§t√Ω Kr√≠≈æ,,Z≈†",94,1
205,"Sv√§t√Ω Kr√≠≈æ,,C√≠novisko",209,"Sv√§t√Ω Kr√≠≈æ,,r√°zc.",54,0.2
206,"Sv√§t√Ω Kr√≠≈æ,,Vy≈°n√Ω koniec",81,"Lazisko,,Droppa",97,1
206,"Sv√§t√Ω Kr√≠≈æ,,Vy≈°n√Ω koniec",204,"Sv√§t√Ω Kr√≠≈æ,,Obecn√Ω √∫rad",97,1
206,"Sv√§t√Ω Kr√≠≈æ,,Vy≈°n√Ω koniec",207,"Sv√§t√Ω Kr√≠≈æ,,Z≈†",54,1
207,"Sv√§t√Ω Kr√≠≈æ,,Z≈†",204,"Sv√§t√Ω Kr√≠≈æ,,Obecn√Ω √∫rad",63,0.2
207,"Sv√§t√Ω Kr√≠≈æ,,Z≈†",205,"Sv√§t√Ω Kr√≠≈æ,,C√≠novisko",75,1
209,"Sv√§t√Ω Kr√≠≈æ,,r√°zc.",47,"Galovany,,ƒç.d.51",162,2
209,"Sv√§t√Ω Kr√≠≈æ,,r√°zc.",48,"Galovany,,r√°zc.",82,1
209,"Sv√§t√Ω Kr√≠≈æ,,r√°zc.",54,"G√¥tovany,,r√°zc.",110,3
209,"Sv√§t√Ω Kr√≠≈æ,,r√°zc.",205,"Sv√§t√Ω Kr√≠≈æ,,C√≠novisko",54,0.2
210,"Malu≈æin√°,,Svidovo r√°zc.",74,"Kr√°ƒæova Lehota,,Cestn√© stavby obal.",162,4
210,"Malu≈æin√°,,Svidovo r√°zc.",171,"Malu≈æin√°,,Liptov",63,0.2
210,"Malu≈æin√°,,Svidovo r√°zc.",174,"Kr√°ƒæova Lehota,,Michalovo Ga≈°par√≠k",86,2
210,"Malu≈æin√°,,Svidovo r√°zc.",384,"Kr√°ƒæova Lehota,,Preglejka ≈°t.cesta",270,5
211,"Trsten√©,,otoƒç.",25,"Bobrovec,,Z≈†",68,1
212,"Uhorsk√° Ves,,centrum",125,"Lipt.J√°n,,Z≈†",81,1
212,"Uhorsk√° Ves,,centrum",126,"Uhorsk√° Ves,,r√°zc.",58,1
212,"Uhorsk√° Ves,,centrum",186,"Podture≈?,,Jednota",216,2
212,"Uhorsk√° Ves,,centrum",187,"Podture≈?,,≈æel.zast.",162,2
212,"Uhorsk√° Ves,,centrum",453,"Lipt.J√°n,,ul.Staroj√°nska Z≈†",108,1
213,"Vavri≈°ovo,,Oc√ö",110,"Lipt.Peter,,Bytovky",226,3
213,"Vavri≈°ovo,,Oc√ö",111,"Lipt.Peter,,pomn√≠k",198,3
213,"Vavri≈°ovo,,Oc√ö",214,"Vavri≈°ovo,,po≈æ.zbroj.",61,0.2
213,"Vavri≈°ovo,,Oc√ö",402,"Jamn√≠k,,Jednota",405,6
214,"Vavri≈°ovo,,po≈æ.zbroj.",192,"Pribylina,,Z≈†",220,3
214,"Vavri≈°ovo,,po≈æ.zbroj.",194,"Pribylina,,po≈æ.zbroj.",108,4
214,"Vavri≈°ovo,,po≈æ.zbroj.",213,"Vavri≈°ovo,,Oc√ö",91,0.2
216,"Va≈æec,,Jednota",217,"Va≈æec,,≈æel.nadjazd",103,1
216,"Va≈æec,,Jednota",231,"V√Ωchodn√°,,Nah√°lka",486,8
217,"Va≈æec,,≈æel.nadjazd",216,"Va≈æec,,Jednota",123,1
217,"Va≈æec,,≈æel.nadjazd",231,"V√Ωchodn√°,,Nah√°lka",416,7
218,"Veƒæk√© Borov√©,,R√°ztoka",60,"Huty,,r√°zc.na Veƒæk√© Borov√©",135,2
218,"Veƒæk√© Borov√©,,R√°ztoka",219,"Veƒæk√© Borov√©,,Salaj",162,1
219,"Veƒæk√© Borov√©,,Salaj",140,"Veƒæk√© Borov√©,,Jednota",81,0.2
219,"Veƒæk√© Borov√©,,Salaj",218,"Veƒæk√© Borov√©,,R√°ztoka",162,1
220,"Veƒæk√© Borov√©,,≈†krl√°k",140,"Veƒæk√© Borov√©,,Jednota",54,0.2
221,"Vetern√° Poruba,,Oc√ö",222,"Vetern√° Poruba,,ƒç.d.5",108,0.2
222,"Vetern√° Poruba,,ƒç.d.5",150,"Lipt.Mikul√°≈°,,Podbreziny",290,3
222,"Vetern√° Poruba,,ƒç.d.5",221,"Vetern√° Poruba,,Oc√ö",142,0.2
223,"Vlachy,,Jednota",226,"Vlachy,Vla≈°ky,pri moste",72,1
223,"Vlachy,,Jednota",227,"Vlachy,,r√°zc.",81,1
224,"Vlachy,Krme≈°,Jednota",225,"Vlachy,Krme≈°,pri moste",68,0.2
224,"Vlachy,Krme≈°,Jednota",227,"Vlachy,,r√°zc.",68,0.2
225,"Vlachy,Krme≈°,pri moste",224,"Vlachy,Krme≈°,Jednota",72,0.2
225,"Vlachy,Krme≈°,pri moste",251,"ƒΩubeƒæa,,r√°zc.",162,3
226,"Vlachy,Vla≈°ky,pri moste",223,"Vlachy,,Jednota",54,1
227,"Vlachy,,r√°zc.",223,"Vlachy,,Jednota",54,1
227,"Vlachy,,r√°zc.",224,"Vlachy,Krme≈°,Jednota",81,0.2
228,"V√Ωchodn√°,,Benzinol",65,"Hybe,,otoƒç.",192,3
228,"V√Ωchodn√°,,Benzinol",230,"V√Ωchodn√°,,Mur√°≈?",64,1
229,"V√Ωchodn√°,,Jednota",231,"V√Ωchodn√°,,Nah√°lka",108,0.2
230,"V√Ωchodn√°,,Mur√°≈?",228,"V√Ωchodn√°,,Benzinol",86,1
230,"V√Ωchodn√°,,Mur√°≈?",229,"V√Ωchodn√°,,Jednota",54,0.2
230,"V√Ωchodn√°,,Mur√°≈?",231,"V√Ωchodn√°,,Nah√°lka",84,0.2
231,"V√Ωchodn√°,,Nah√°lka",217,"Va≈æec,,≈æel.nadjazd",398,7
231,"V√Ωchodn√°,,Nah√°lka",229,"V√Ωchodn√°,,Jednota",108,0.2
231,"V√Ωchodn√°,,Nah√°lka",230,"V√Ωchodn√°,,Mur√°≈?",89,0.2
231,"V√Ωchodn√°,,Nah√°lka",232,"V√Ωchodn√°,,gar√°≈æ SAD",78,0.2
232,"V√Ωchodn√°,,gar√°≈æ SAD",231,"V√Ωchodn√°,,Nah√°lka",81,0.2
232,"V√Ωchodn√°,,gar√°≈æ SAD",233,"V√Ωchodn√°,,rybn√≠k",351,3
232,"V√Ωchodn√°,,gar√°≈æ SAD",234,"V√Ωchodn√°,,≈æel.st.",351,3
233,"V√Ωchodn√°,,rybn√≠k",232,"V√Ωchodn√°,,gar√°≈æ SAD",324,3
233,"V√Ωchodn√°,,rybn√≠k",234,"V√Ωchodn√°,,≈æel.st.",81,0.2
234,"V√Ωchodn√°,,≈æel.st.",233,"V√Ωchodn√°,,rybn√≠k",94,0.2
235,"Vy≈°n√° Boca,,Z≈†",203,"Ni≈æn√° Boca,,Stred.Boca Herich",100,2
235,"Vy≈°n√° Boca,,Z≈†",236,"Vy≈°n√° Boca,,Zacharovsk√Ω",123,0.2
236,"Vy≈°n√° Boca,,Zacharovsk√Ω",235,"Vy≈°n√° Boca,,Z≈†",93,0.2
238,"Z√°va≈æn√° Poruba,,Luhy",145,"Lipt.Mikul√°≈°,Okoliƒçn√©,Z≈†",108,1
238,"Z√°va≈æn√° Poruba,,Luhy",146,"Lipt.Mikul√°≈°,Okoliƒçn√©,otoƒç.",54,1
238,"Z√°va≈æn√° Poruba,,Luhy",150,"Lipt.Mikul√°≈°,,Podbreziny",108,3
238,"Z√°va≈æn√° Poruba,,Luhy",395,"Z√°va≈æn√° Poruba,,pri pomn√≠ku",112,1
239,"Z√°va≈æn√° Poruba,,otoƒç.",397,"Z√°va≈æn√° Poruba,,ul.p.Hr√°dkom",96,1
240,"≈Ωiar,,Jur√°≈°",242,"≈Ωiar,,nocov≈?a SAD",66,0.2
240,"≈Ωiar,,Jur√°≈°",439,"≈Ωiar,,Dolinky",66,1
241,"≈Ωiar,,cint.",202,"Smreƒçany,,otoƒç.",91,1
241,"≈Ωiar,,cint.",242,"≈Ωiar,,nocov≈?a SAD",83,1
242,"≈Ωiar,,nocov≈?a SAD",240,"≈Ωiar,,Jur√°≈°",83,0.2
242,"≈Ωiar,,nocov≈?a SAD",241,"≈Ωiar,,cint.",91,1
243,"≈Ωiar,,rekr.str.",244,"≈Ωiar,≈Ωiarska dolina",119,1
243,"≈Ωiar,,rekr.str.",439,"≈Ωiar,,Dolinky",54,0.2
244,"≈Ωiar,≈Ωiarska dolina",243,"≈Ωiar,,rekr.str.",97,1
246,"ƒΩubeƒæa,,Humenn√Ω",99,"Lipt.Kƒæaƒçany,,kostol",108,1
246,"ƒΩubeƒæa,,Humenn√Ω",100,"Lipt.Kƒæaƒçany,,samota",69,1
246,"ƒΩubeƒæa,,Humenn√Ω",249,"ƒΩubeƒæa,,Z≈†",108,0.2
246,"ƒΩubeƒæa,,Humenn√Ω",250,"ƒΩubeƒæa,,Na V√°he",69,0.2
247,"ƒΩubeƒæa,,Jednota",248,"ƒΩubeƒæa,,lek√°re≈?",68,0.2
247,"ƒΩubeƒæa,,Jednota",250,"ƒΩubeƒæa,,Na V√°he",72,0.2
248,"ƒΩubeƒæa,,lek√°re≈?",42,"D√∫brava,,Dom slu≈æ.",117,2
248,"ƒΩubeƒæa,,lek√°re≈?",247,"ƒΩubeƒæa,,Jednota",77,0.2
248,"ƒΩubeƒæa,,lek√°re≈?",249,"ƒΩubeƒæa,,Z≈†",108,0.2
249,"ƒΩubeƒæa,,Z≈†",246,"ƒΩubeƒæa,,Humenn√Ω",72,0.2
249,"ƒΩubeƒæa,,Z≈†",247,"ƒΩubeƒæa,,Jednota",54,0.2
249,"ƒΩubeƒæa,,Z≈†",248,"ƒΩubeƒæa,,lek√°re≈?",81,0.2
249,"ƒΩubeƒæa,,Z≈†",250,"ƒΩubeƒæa,,Na V√°he",108,0.2
250,"ƒΩubeƒæa,,Na V√°he",246,"ƒΩubeƒæa,,Humenn√Ω",54,0.2
250,"ƒΩubeƒæa,,Na V√°he",247,"ƒΩubeƒæa,,Jednota",65,0.2
250,"ƒΩubeƒæa,,Na V√°he",249,"ƒΩubeƒæa,,Z≈†",108,0.2
250,"ƒΩubeƒæa,,Na V√°he",251,"ƒΩubeƒæa,,r√°zc.",72,1
251,"ƒΩubeƒæa,,r√°zc.",51,"G√¥tovany,,Piatko",270,3
251,"ƒΩubeƒæa,,r√°zc.",54,"G√¥tovany,,r√°zc.",114,2
251,"ƒΩubeƒæa,,r√°zc.",167,"Malat√≠ny,,r√°zc.",120,2
251,"ƒΩubeƒæa,,r√°zc.",224,"Vlachy,Krme≈°,Jednota",270,3
251,"ƒΩubeƒæa,,r√°zc.",225,"Vlachy,Krme≈°,pri moste",144,3
251,"ƒΩubeƒæa,,r√°zc.",250,"ƒΩubeƒæa,,Na V√°he",77,1
251,"ƒΩubeƒæa,,r√°zc.",253,"ƒΩubeƒæa,,Sihotka",66,1
252,"Dem√§novsk√° Dolina,,centr.park.",41,"Dem√§novsk√° Dolina,,autocamp.",108,1
252,"Dem√§novsk√° Dolina,,centr.park.",136,"Lipt.Mikul√°≈°,Dem√§nov√°,r√°zc.",180,3
252,"Dem√§novsk√° Dolina,,centr.park.",411,"Lipt.Mikul√°≈°,Dem√§nov√°,mlynisko",162,3
253,"ƒΩubeƒæa,,Sihotka",54,"G√¥tovany,,r√°zc.",78,1
253,"ƒΩubeƒæa,,Sihotka",251,"ƒΩubeƒæa,,r√°zc.",61,1
254,"Ratkovo,,r√°zc.",262,Ratkovo,54,0.2
254,"Ratkovo,,r√°zc.",268,"Turany,,po≈°ta",270,4
255,"Martin,,Hviezdoslavova ul.",258,"Martin,,≈°tadi√≥n",162,1
256,"Martin,Ko≈°√∫ty,zdrav.str.",257,"Martin,,Sever obch.dom",108,1
256,"Martin,Ko≈°√∫ty,zdrav.str.",263,"Suƒçany,,Dom potrav√≠n",378,6
257,"Martin,,Sever obch.dom",256,"Martin,Ko≈°√∫ty,zdrav.str.",54,1
257,"Martin,,Sever obch.dom",260,"Martin,,ul.A.Pietra",54,1
258,"Martin,,≈°tadi√≥n",257,"Martin,,Sever obch.dom",108,0.2
259,"Martin,,O√öNZ",261,"Martin,,aut.st.",216,1
260,"Martin,,ul.A.Pietra",259,"Martin,,O√öNZ",108,1
261,"Martin,,aut.st.",255,"Martin,,Hviezdoslavova ul.",270,2
262,Ratkovo,254,"Ratkovo,,r√°zc.",108,0.2
262,Ratkovo,269,"≈†√∫tovo,,Oc√ö",162,2
263,"Suƒçany,,Dom potrav√≠n",264,"Suƒçany,,psych.lieƒçeb≈?a",162,1
263,"Suƒçany,,Dom potrav√≠n",265,"Suƒçany,,rozvod≈?a",54,1
264,"Suƒçany,,psych.lieƒçeb≈?a",263,"Suƒçany,,Dom potrav√≠n",162,1
264,"Suƒçany,,psych.lieƒçeb≈?a",268,"Turany,,po≈°ta",216,3
265,"Suƒçany,,rozvod≈?a",256,"Martin,Ko≈°√∫ty,zdrav.str.",270,4
266,"≈†√∫tovo,,odb.k ≈†√∫tov.vodop√°dom",267,"≈†√∫tovo,,Rieka lom",108,1
266,"≈†√∫tovo,,odb.k ≈†√∫tov.vodop√°dom",269,"≈†√∫tovo,,Oc√ö",162,1
267,"≈†√∫tovo,,Rieka lom",266,"≈†√∫tovo,,odb.k ≈†√∫tov.vodop√°dom",54,1
267,"≈†√∫tovo,,Rieka lom",375,"Kraƒæovany,,≈æel.st.",270,4
268,"Turany,,po≈°ta",254,"Ratkovo,,r√°zc.",270,4
268,"Turany,,po≈°ta",264,"Suƒçany,,psych.lieƒçeb≈?a",216,3
269,"≈†√∫tovo,,Oc√ö",262,Ratkovo,162,2
269,"≈†√∫tovo,,Oc√ö",266,"≈†√∫tovo,,odb.k ≈†√∫tov.vodop√°dom",108,1
270,"Hubov√°,,Babala",271,"Hubov√°,,pri moste",113,2
270,"Hubov√°,,Babala",323,ƒΩuboch≈?a,173,1
271,"Hubov√°,,pri moste",270,"Hubov√°,,Babala",113,2
271,"Hubov√°,,pri moste",345,"Ru≈æomberok,ƒåernov√°,kol√≥nia",319,6
271,"Hubov√°,,pri moste",459,"Ru≈æomberok,,evanjelick√Ω kostol",648,11
272,"Kalameny,,kult.dom",273,"L√∫ƒçky,,r√°zc.Kalameny",92,1
273,"L√∫ƒçky,,r√°zc.Kalameny",62,"Lipt.Tepl√°,Madoƒçany,RENOP",102,1
273,"L√∫ƒçky,,r√°zc.Kalameny",272,"Kalameny,,kult.dom",115,1
273,"L√∫ƒçky,,r√°zc.Kalameny",325,"L√∫ƒçky,,zdrav.str.",72,1
274,"Komjatn√°,,Babic",276,"Komjatn√°,,Koƒçibal",54,1
275,"Komjatn√°,,Jednota",276,"Komjatn√°,,Koƒçibal",76,0.2
275,"Komjatn√°,,Jednota",327,"Komjatn√°,,po≈æ.zbroj.",32,1
276,"Komjatn√°,,Koƒçibal",275,"Komjatn√°,,Jednota",72,0.2
276,"Komjatn√°,,Koƒçibal",277,"Komjatn√°,Studniƒçn√°",189,2
277,"Komjatn√°,Studniƒçn√°",274,"Komjatn√°,,Babic",99,1
277,"Komjatn√°,Studniƒçn√°",367,"Valask√° Dubov√°,,u Drob√∫ƒæa",300,3
277,"Komjatn√°,Studniƒçn√°",433,"Komjatn√°,Studniƒçn√°,Pansk√° l√∫ka",72,0.2
278,"Komjatn√°,,Z≈†",315,"Komjatn√°,,otoƒç.",176,1
278,"Komjatn√°,,Z≈†",327,"Komjatn√°,,po≈æ.zbroj.",99,0.2
279,"Likavka,,Dom d√¥chodcov",337,"Ru≈æomberok,,AS",192,1
280,"Likavka,,Domiter",279,"Likavka,,Dom d√¥chodcov",99,1
280,"Likavka,,Domiter",284,"Likavka,,hrad",54,1
280,"Likavka,,Domiter",286,"Likavka,,sklad BZ-Texicom",76,1
281,"Likavka,,Klaƒçko",283,"Likavka,,Nemƒçek",54,1
281,"Likavka,,Klaƒçko",286,"Likavka,,sklad BZ-Texicom",72,1
281,"Likavka,,Klaƒçko",334,"Martinƒçek,,Oc√ö",225,1
282,"Likavka,,Kramarisk√°",284,"Likavka,,hrad",73,1
282,"Likavka,,Kramarisk√°",365,"Valask√° Dubov√°,,Oc√ö",275,4
282,"Likavka,,Kramarisk√°",386,Jasenov√°,432,8
283,"Likavka,,Nemƒçek",286,"Likavka,,sklad BZ-Texicom",54,0.2
284,"Likavka,,hrad",280,"Likavka,,Domiter",54,1
284,"Likavka,,hrad",282,"Likavka,,Kramarisk√°",61,1
284,"Likavka,,hrad",285,"Likavka,,r√°zc.",70,1
285,"Likavka,,r√°zc.",279,"Likavka,,Dom d√¥chodcov",64,1
285,"Likavka,,r√°zc.",284,"Likavka,,hrad",77,1
286,"Likavka,,sklad BZ-Texicom",280,"Likavka,,Domiter",62,1
286,"Likavka,,sklad BZ-Texicom",281,"Likavka,,Klaƒçko",58,1
287,"Lipt.L√∫≈æna,,Brezniak",291,"Lipt.L√∫≈æna,,bytovka RD",61,0.2
287,"Lipt.L√∫≈æna,,Brezniak",294,"Lipt.L√∫≈æna,,u Turonƒç√≠ka",74,1
288,"Lipt.L√∫≈æna,,Hronec",293,"Lipt.L√∫≈æna,,nocov≈?a SAD",146,1
289,"Lipt.L√∫≈æna,,Weiss",290,"Lipt.L√∫≈æna,,M≈†",111,0.2
289,"Lipt.L√∫≈æna,,Weiss",293,"Lipt.L√∫≈æna,,nocov≈?a SAD",98,1
290,"Lipt.L√∫≈æna,,M≈†",289,"Lipt.L√∫≈æna,,Weiss",101,0.2
290,"Lipt.L√∫≈æna,,M≈†",291,"Lipt.L√∫≈æna,,bytovka RD",94,1
291,"Lipt.L√∫≈æna,,bytovka RD",287,"Lipt.L√∫≈æna,,Brezniak",81,0.2
291,"Lipt.L√∫≈æna,,bytovka RD",290,"Lipt.L√∫≈æna,,M≈†",84,1
292,"Lipt.L√∫≈æna,,m√§sna u Vesel.",294,"Lipt.L√∫≈æna,,u Turonƒç√≠ka",68,0.2
292,"Lipt.L√∫≈æna,,m√§sna u Vesel.",301,"Lipt.Osada,,ƒç.d.113",256,3
292,"Lipt.L√∫≈æna,,m√§sna u Vesel.",333,"Lipt.Osada,,zdrav.str.",223,3
293,"Lipt.L√∫≈æna,,nocov≈?a SAD",288,"Lipt.L√∫≈æna,,Hronec",189,1
293,"Lipt.L√∫≈æna,,nocov≈?a SAD",289,"Lipt.L√∫≈æna,,Weiss",111,1
294,"Lipt.L√∫≈æna,,u Turonƒç√≠ka",287,"Lipt.L√∫≈æna,,Brezniak",57,1
294,"Lipt.L√∫≈æna,,u Turonƒç√≠ka",292,"Lipt.L√∫≈æna,,m√§sna u Vesel.",94,0.2
295,"Lipt.Osada,,Jednota",296,"Lipt.Osada,Korytnica-k√∫pele,r√°zc.",338,8
295,"Lipt.Osada,,Jednota",299,"Lipt.Osada,,RD",108,1
295,"Lipt.Osada,,Jednota",300,"Lipt.Osada,,Skalno",112,2
295,"Lipt.Osada,,Jednota",333,"Lipt.Osada,,zdrav.str.",243,1
295,"Lipt.Osada,,Jednota",340,"Ru≈æomberok,Biely Potok,Podsuch√°",259,5
296,"Lipt.Osada,Korytnica-k√∫pele,r√°zc.",5,"Donovaly,,Pod Magurou-ATC",216,4
296,"Lipt.Osada,Korytnica-k√∫pele,r√°zc.",6,"Donovaly,,centrum",324,5
296,"Lipt.Osada,Korytnica-k√∫pele,r√°zc.",295,"Lipt.Osada,,Jednota",558,8
296,"Lipt.Osada,Korytnica-k√∫pele,r√°zc.",297,"Lipt.Osada,Korytnica-k√∫pele",216,1
296,"Lipt.Osada,Korytnica-k√∫pele,r√°zc.",298,"Lipt.Osada,,Patoƒçiny hor√°re≈?",216,3
296,"Lipt.Osada,Korytnica-k√∫pele,r√°zc.",299,"Lipt.Osada,,RD",324,7
297,"Lipt.Osada,Korytnica-k√∫pele",296,"Lipt.Osada,Korytnica-k√∫pele,r√°zc.",162,1
298,"Lipt.Osada,,Patoƒçiny hor√°re≈?",296,"Lipt.Osada,Korytnica-k√∫pele,r√°zc.",108,3
298,"Lipt.Osada,,Patoƒçiny hor√°re≈?",299,"Lipt.Osada,,RD",162,4
299,"Lipt.Osada,,RD",295,"Lipt.Osada,,Jednota",162,1
299,"Lipt.Osada,,RD",298,"Lipt.Osada,,Patoƒçiny hor√°re≈?",162,4
300,"Lipt.Osada,,Skalno",295,"Lipt.Osada,,Jednota",183,2
300,"Lipt.Osada,,Skalno",404,"Lipt.Rev√∫ce,Ni≈æn√° Rev√∫ca,Jednota",216,3
300,"Lipt.Osada,,Skalno",418,"Lipt.Rev√∫ce,Ni≈æn√° Rev√∫ca,r.Tepl√¥",100,0.2
300,"Lipt.Osada,,Skalno",469,"Lipt.Osada,,pek√°re≈?",270,2
301,"Lipt.Osada,,ƒç.d.113",292,"Lipt.L√∫≈æna,,m√§sna u Vesel.",246,3
301,"Lipt.Osada,,ƒç.d.113",333,"Lipt.Osada,,zdrav.str.",31,0.2
301,"Lipt.Osada,,ƒç.d.113",469,"Lipt.Osada,,pek√°re≈?",115,1
302,"Lipt.≈†tiavnica,,Kƒæuƒçiny",303,"Lipt.≈†tiavnica,,gar√°≈æ SAD",324,1
302,"Lipt.≈†tiavnica,,Kƒæuƒçiny",329,"Ludrov√°,,RD",108,2
302,"Lipt.≈†tiavnica,,Kƒæuƒçiny",335,"≈†tiavniƒçka,,su≈°iƒçka RD",79,1
302,"Lipt.≈†tiavnica,,Kƒæuƒçiny",405,"Lipt.≈†tiavnica,,mlyn",54,0.2
302,"Lipt.≈†tiavnica,,Kƒæuƒçiny",468,"Ludrov√°,,otoƒçka",378,4
303,"Lipt.≈†tiavnica,,gar√°≈æ SAD",304,"Lipt.≈†tiavnica,,otoƒç.",139,1
303,"Lipt.≈†tiavnica,,gar√°≈æ SAD",426,"Lipt.≈†tiavnica,,pri kaplnke",71,0.2
304,"Lipt.≈†tiavnica,,otoƒç.",303,"Lipt.≈†tiavnica,,gar√°≈æ SAD",96,1
305,"Lipt.Sliaƒçe,Ni≈æn√Ω Sliaƒç,Bielen√Ω",307,"Lipt.Sliaƒçe,Ni≈æn√Ω Sliaƒç,Smi≈°t√≠k",62,1
305,"Lipt.Sliaƒçe,Ni≈æn√Ω Sliaƒç,Bielen√Ω",308,"Lipt.Sliaƒçe,Ni≈æn√Ω Sliaƒç,pri moste",60,0.2
306,"Lipt.Sliaƒçe,Stredn√Ω Sliaƒç,Dielnica",308,"Lipt.Sliaƒçe,Ni≈æn√Ω Sliaƒç,pri moste",100,1
306,"Lipt.Sliaƒçe,Stredn√Ω Sliaƒç,Dielnica",310,"Lipt.Sliaƒçe,Stredn√Ω Sliaƒç,kostol",74,1
306,"Lipt.Sliaƒçe,Stredn√Ω Sliaƒç,Dielnica",311,"Lipt.Sliaƒçe,Stredn√Ω Sliaƒç,Z≈†",69,1
307,"Lipt.Sliaƒçe,Ni≈æn√Ω Sliaƒç,Smi≈°t√≠k",305,"Lipt.Sliaƒçe,Ni≈æn√Ω Sliaƒç,Bielen√Ω",58,1
307,"Lipt.Sliaƒçe,Ni≈æn√Ω Sliaƒç,Smi≈°t√≠k",316,"Lipt.Sliaƒçe,,r√°zc.",54,1
307,"Lipt.Sliaƒçe,Ni≈æn√Ω Sliaƒç,Smi≈°t√≠k",445,"Liskov√°,,kri≈æ.",130,2
308,"Lipt.Sliaƒçe,Ni≈æn√Ω Sliaƒç,pri moste",305,"Lipt.Sliaƒçe,Ni≈æn√Ω Sliaƒç,Bielen√Ω",77,0.2
308,"Lipt.Sliaƒçe,Ni≈æn√Ω Sliaƒç,pri moste",306,"Lipt.Sliaƒçe,Stredn√Ω Sliaƒç,Dielnica",100,1
309,"Lipt.Sliaƒçe,Stredn√Ω Sliaƒç,Gajdo≈°",310,"Lipt.Sliaƒçe,Stredn√Ω Sliaƒç,kostol",108,0.2
309,"Lipt.Sliaƒçe,Stredn√Ω Sliaƒç,Gajdo≈°",311,"Lipt.Sliaƒçe,Stredn√Ω Sliaƒç,Z≈†",120,0.2
309,"Lipt.Sliaƒçe,Stredn√Ω Sliaƒç,Gajdo≈°",312,"Lipt.Sliaƒçe,Stredn√Ω Sliaƒç,otoƒç.",102,1
310,"Lipt.Sliaƒçe,Stredn√Ω Sliaƒç,kostol",306,"Lipt.Sliaƒçe,Stredn√Ω Sliaƒç,Dielnica",71,1
310,"Lipt.Sliaƒçe,Stredn√Ω Sliaƒç,kostol",309,"Lipt.Sliaƒçe,Stredn√Ω Sliaƒç,Gajdo≈°",54,0.2
310,"Lipt.Sliaƒçe,Stredn√Ω Sliaƒç,kostol",311,"Lipt.Sliaƒçe,Stredn√Ω Sliaƒç,Z≈†",54,0.2
310,"Lipt.Sliaƒçe,Stredn√Ω Sliaƒç,kostol",312,"Lipt.Sliaƒçe,Stredn√Ω Sliaƒç,otoƒç.",108,1
310,"Lipt.Sliaƒçe,Stredn√Ω Sliaƒç,kostol",407,"Lipt.Sliaƒçe,Stredn√Ω Sliaƒç,Dom sm√∫tku",57,0.2
311,"Lipt.Sliaƒçe,Stredn√Ω Sliaƒç,Z≈†",306,"Lipt.Sliaƒçe,Stredn√Ω Sliaƒç,Dielnica",66,1
311,"Lipt.Sliaƒçe,Stredn√Ω Sliaƒç,Z≈†",309,"Lipt.Sliaƒçe,Stredn√Ω Sliaƒç,Gajdo≈°",101,0.2
311,"Lipt.Sliaƒçe,Stredn√Ω Sliaƒç,Z≈†",310,"Lipt.Sliaƒçe,Stredn√Ω Sliaƒç,kostol",54,0.2
312,"Lipt.Sliaƒçe,Stredn√Ω Sliaƒç,otoƒç.",309,"Lipt.Sliaƒçe,Stredn√Ω Sliaƒç,Gajdo≈°",81,1
313,"Lipt.Sliaƒçe,Vy≈°n√Ω Sliaƒç,gar√°≈æ",314,"Lipt.Sliaƒçe,Vy≈°n√Ω Sliaƒç,u Cabana",197,0.2
313,"Lipt.Sliaƒçe,Vy≈°n√Ω Sliaƒç,gar√°≈æ",429,"Lipt.Sliaƒçe,Vy≈°n√Ω Sliaƒç,dru≈æstvo",84,1
314,"Lipt.Sliaƒçe,Vy≈°n√Ω Sliaƒç,u Cabana",313,"Lipt.Sliaƒçe,Vy≈°n√Ω Sliaƒç,gar√°≈æ",124,0.2
315,"Komjatn√°,,otoƒç.",278,"Komjatn√°,,Z≈†",130,1
316,"Lipt.Sliaƒçe,,r√°zc.",19,"Ivachnov√°,,r√°zc.",184,3
316,"Lipt.Sliaƒçe,,r√°zc.",307,"Lipt.Sliaƒçe,Ni≈æn√Ω Sliaƒç,Smi≈°t√≠k",54,1
316,"Lipt.Sliaƒçe,,r√°zc.",445,"Liskov√°,,kri≈æ.",68,1
317,"Tur√≠k,,Oc√ö",318,"Tur√≠k,,r√°zc.",108,1
317,"Tur√≠k,,Oc√ö",350,"Tur√≠k,,RD",64,1
318,"Tur√≠k,,r√°zc.",90,"Lipt.Tepl√°,,≈†L",122,2
318,"Tur√≠k,,r√°zc.",92,"Lipt.Tepl√°,,r√°zc.",122,2
318,"Tur√≠k,,r√°zc.",317,"Tur√≠k,,Oc√ö",135,1
318,"Tur√≠k,,r√°zc.",320,"Liskov√°,,r√°zc.RD",165,2
318,"Tur√≠k,,r√°zc.",350,"Tur√≠k,,RD",59,0.2
319,"Liskov√°,,kult.dom",318,"Tur√≠k,,r√°zc.",216,3
319,"Liskov√°,,kult.dom",320,"Liskov√°,,r√°zc.RD",94,1
319,"Liskov√°,,kult.dom",445,"Liskov√°,,kri≈æ.",152,1
320,"Liskov√°,,r√°zc.RD",318,"Tur√≠k,,r√°zc.",142,2
320,"Liskov√°,,r√°zc.RD",319,"Liskov√°,,kult.dom",114,1
321,"Lipt.Osada,,Barborin√° hor√°re≈?",297,"Lipt.Osada,Korytnica-k√∫pele",324,2
322,"ƒΩuboch≈?a,,Korbelka",323,ƒΩuboch≈?a,176,1
322,"ƒΩuboch≈?a,,Korbelka",360,"Stankovany,,pri moste",101,1
323,ƒΩuboch≈?a,270,"Hubov√°,,Babala",128,1
323,ƒΩuboch≈?a,322,"ƒΩuboch≈?a,,Korbelka",115,1
324,"L√∫ƒçky,L√∫ƒçky-k√∫pele,otoƒç.",326,"L√∫ƒçky,,Oc√ö",114,0.2
325,"L√∫ƒçky,,zdrav.str.",272,"Kalameny,,kult.dom",162,2
325,"L√∫ƒçky,,zdrav.str.",273,"L√∫ƒçky,,r√°zc.Kalameny",79,1
325,"L√∫ƒçky,,zdrav.str.",326,"L√∫ƒçky,,Oc√ö",99,1
326,"L√∫ƒçky,,Oc√ö",324,"L√∫ƒçky,L√∫ƒçky-k√∫pele,otoƒç.",168,0.2
326,"L√∫ƒçky,,Oc√ö",325,"L√∫ƒçky,,zdrav.str.",108,1
327,"Komjatn√°,,po≈æ.zbroj.",275,"Komjatn√°,,Jednota",68,1
327,"Komjatn√°,,po≈æ.zbroj.",458,"Komjatn√°,,Pod Str√°≈?ou",50,0.2
328,"Ludrov√°,,Jednota",331,"Ludrov√°,,ƒç.d.202",68,0.2
328,"Ludrov√°,,Jednota",332,"Ludrov√°,,ƒç.d.349",71,1
329,"Ludrov√°,,RD",302,"Lipt.≈†tiavnica,,Kƒæuƒçiny",126,2
329,"Ludrov√°,,RD",332,"Ludrov√°,,ƒç.d.349",54,0.2
329,"Ludrov√°,,RD",335,"≈†tiavniƒçka,,su≈°iƒçka RD",65,1
330,"Ludrov√°,,ƒç.d.155",331,"Ludrov√°,,ƒç.d.202",78,1
330,"Ludrov√°,,ƒç.d.155",468,"Ludrov√°,,otoƒçka",50,0.2
331,"Ludrov√°,,ƒç.d.202",328,"Ludrov√°,,Jednota",94,0.2
331,"Ludrov√°,,ƒç.d.202",330,"Ludrov√°,,ƒç.d.155",83,1
332,"Ludrov√°,,ƒç.d.349",328,"Ludrov√°,,Jednota",83,1
332,"Ludrov√°,,ƒç.d.349",329,"Ludrov√°,,RD",54,0.2
333,"Lipt.Osada,,zdrav.str.",292,"Lipt.L√∫≈æna,,m√§sna u Vesel.",224,3
333,"Lipt.Osada,,zdrav.str.",295,"Lipt.Osada,,Jednota",162,1
333,"Lipt.Osada,,zdrav.str.",301,"Lipt.Osada,,ƒç.d.113",47,0.2
333,"Lipt.Osada,,zdrav.str.",469,"Lipt.Osada,,pek√°re≈?",108,1
334,"Martinƒçek,,Oc√ö",281,"Likavka,,Klaƒçko",170,1
335,"≈†tiavniƒçka,,su≈°iƒçka RD",302,"Lipt.≈†tiavnica,,Kƒæuƒçiny",83,1
335,"≈†tiavniƒçka,,su≈°iƒçka RD",329,"Ludrov√°,,RD",76,1
335,"≈†tiavniƒçka,,su≈°iƒçka RD",363,"≈†tiavniƒçka,,most",72,1
336,"≈†tiavniƒçka,,odboƒçka LDCH",343,"Ru≈æomberok,,Celul√≥zka",130,1
336,"≈†tiavniƒçka,,odboƒçka LDCH",362,"≈†tiavniƒçka,,M≈†",43,1
336,"≈†tiavniƒçka,,odboƒçka LDCH",363,"≈†tiavniƒçka,,most",77,1
337,"Ru≈æomberok,,AS",280,"Likavka,,Domiter",157,2
337,"Ru≈æomberok,,AS",285,"Likavka,,r√°zc.",169,2
337,"Ru≈æomberok,,AS",351,"Ru≈æomberok,,SP≈†",216,1
337,"Ru≈æomberok,,AS",352,"Ru≈æomberok,,Savoy",216,1
337,"Ru≈æomberok,,AS",353,"Ru≈æomberok,,Siho≈• Z≈†",288,0.2
337,"Ru≈æomberok,,AS",386,Jasenov√°,756,12
337,"Ru≈æomberok,,AS",406,"Ru≈æomberok,,Supra-vily",256,1
337,"Ru≈æomberok,,AS",417,"Ru≈æomberok,,Supra-stred",241,1
338,"Ru≈æomberok,Biely Potok,Bohunka",339,"Ru≈æomberok,Biely Potok,Kovostav",54,1
338,"Ru≈æomberok,Biely Potok,Bohunka",341,"Ru≈æomberok,Biely Potok,Slovpap",42,1
338,"Ru≈æomberok,Biely Potok,Bohunka",443,"Ru≈æomberok,Biely Potok,Trlensk√° dolina",42,0.2
339,"Ru≈æomberok,Biely Potok,Kovostav",338,"Ru≈æomberok,Biely Potok,Bohunka",54,1
339,"Ru≈æomberok,Biely Potok,Kovostav",342,"Ru≈æomberok,Biely Potok,pri moste",108,2
339,"Ru≈æomberok,Biely Potok,Kovostav",442,"Ru≈æomberok,Biely Potok,Do Uhliska",44,1
339,"Ru≈æomberok,Biely Potok,Kovostav",443,"Ru≈æomberok,Biely Potok,Trlensk√° dolina",50,1
340,"Ru≈æomberok,Biely Potok,Podsuch√°",295,"Lipt.Osada,,Jednota",307,5
340,"Ru≈æomberok,Biely Potok,Podsuch√°",341,"Ru≈æomberok,Biely Potok,Slovpap",106,2
340,"Ru≈æomberok,Biely Potok,Podsuch√°",443,"Ru≈æomberok,Biely Potok,Trlensk√° dolina",162,4
340,"Ru≈æomberok,Biely Potok,Podsuch√°",469,"Lipt.Osada,,pek√°re≈?",273,5
341,"Ru≈æomberok,Biely Potok,Slovpap",338,"Ru≈æomberok,Biely Potok,Bohunka",44,1
341,"Ru≈æomberok,Biely Potok,Slovpap",340,"Ru≈æomberok,Biely Potok,Podsuch√°",114,2
342,"Ru≈æomberok,Biely Potok,pri moste",356,"Ru≈æomberok,,s√≠dl.SNP",243,3
342,"Ru≈æomberok,Biely Potok,pri moste",358,"Ru≈æomberok,,V√°penka",108,1
342,"Ru≈æomberok,Biely Potok,pri moste",441,"Ru≈æomberok,Biely Potok,Rave≈?",48,1
342,"Ru≈æomberok,Biely Potok,pri moste",442,"Ru≈æomberok,Biely Potok,Do Uhliska",54,1
342,"Ru≈æomberok,Biely Potok,pri moste",443,"Ru≈æomberok,Biely Potok,Trlensk√° dolina",135,2
343,"Ru≈æomberok,,Celul√≥zka",319,"Liskov√°,,kult.dom",162,3
343,"Ru≈æomberok,,Celul√≥zka",336,"≈†tiavniƒçka,,odboƒçka LDCH",83,1
343,"Ru≈æomberok,,Celul√≥zka",355,"Ru≈æomberok,,Supra",112,1
343,"Ru≈æomberok,,Celul√≥zka",417,"Ru≈æomberok,,Supra-stred",155,1
343,"Ru≈æomberok,,Celul√≥zka",445,"Liskov√°,,kri≈æ.",85,2
345,"Ru≈æomberok,ƒåernov√°,kol√≥nia",271,"Hubov√°,,pri moste",318,6
345,"Ru≈æomberok,ƒåernov√°,kol√≥nia",348,"Ru≈æomberok,,Nov√° ƒåernov√°",113,2
346,"Ru≈æomberok,,SOU poƒænohospod√°rske",349,"Ru≈æomberok,,Pod skalami",54,1
346,"Ru≈æomberok,,SOU poƒænohospod√°rske",354,"Ru≈æomberok,,Solo horn√° br√°na",90,0.2
347,"Ru≈æomberok,,Mlad√° gener√°cia",348,"Ru≈æomberok,,Nov√° ƒåernov√°",97,1
347,"Ru≈æomberok,,Mlad√° gener√°cia",351,"Ru≈æomberok,,SP≈†",86,1
348,"Ru≈æomberok,,Nov√° ƒåernov√°",271,"Hubov√°,,pri moste",378,8
348,"Ru≈æomberok,,Nov√° ƒåernov√°",345,"Ru≈æomberok,ƒåernov√°,kol√≥nia",96,2
348,"Ru≈æomberok,,Nov√° ƒåernov√°",347,"Ru≈æomberok,,Mlad√° gener√°cia",108,1
349,"Ru≈æomberok,,Pod skalami",346,"Ru≈æomberok,,SOU poƒænohospod√°rske",54,1
349,"Ru≈æomberok,,Pod skalami",357,"Ru≈æomberok,,tehel≈?a",54,1
349,"Ru≈æomberok,,Pod skalami",358,"Ru≈æomberok,,V√°penka",54,1
350,"Tur√≠k,,RD",317,"Tur√≠k,,Oc√ö",93,1
350,"Tur√≠k,,RD",318,"Tur√≠k,,r√°zc.",59,0.2
351,"Ru≈æomberok,,SP≈†",337,"Ru≈æomberok,,AS",243,1
351,"Ru≈æomberok,,SP≈†",347,"Ru≈æomberok,,Mlad√° gener√°cia",108,1
352,"Ru≈æomberok,,Savoy",337,"Ru≈æomberok,,AS",270,1
352,"Ru≈æomberok,,Savoy",354,"Ru≈æomberok,,Solo horn√° br√°na",162,1
352,"Ru≈æomberok,,Savoy",460,"Ru≈æomberok,,N√°m. A.Hlinku",108,1
353,"Ru≈æomberok,,Siho≈• Z≈†",337,"Ru≈æomberok,,AS",270,0.2
353,"Ru≈æomberok,,Siho≈• Z≈†",451,"Ru≈æomberok,,Rove≈? Vojensk√° nem.",66,1
354,"Ru≈æomberok,,Solo horn√° br√°na",346,"Ru≈æomberok,,SOU poƒænohospod√°rske",54,0.2
354,"Ru≈æomberok,,Solo horn√° br√°na",352,"Ru≈æomberok,,Savoy",126,1
355,"Ru≈æomberok,,Supra",337,"Ru≈æomberok,,AS",237,1
356,"Ru≈æomberok,,s√≠dl.SNP",337,"Ru≈æomberok,,AS",288,2
356,"Ru≈æomberok,,s√≠dl.SNP",342,"Ru≈æomberok,Biely Potok,pri moste",216,3
356,"Ru≈æomberok,,s√≠dl.SNP",355,"Ru≈æomberok,,Supra",135,1
356,"Ru≈æomberok,,s√≠dl.SNP",357,"Ru≈æomberok,,tehel≈?a",68,0.2
356,"Ru≈æomberok,,s√≠dl.SNP",417,"Ru≈æomberok,,Supra-stred",112,1
357,"Ru≈æomberok,,tehel≈?a",349,"Ru≈æomberok,,Pod skalami",58,1
357,"Ru≈æomberok,,tehel≈?a",356,"Ru≈æomberok,,s√≠dl.SNP",95,0.2
358,"Ru≈æomberok,,V√°penka",349,"Ru≈æomberok,,Pod skalami",54,1
358,"Ru≈æomberok,,V√°penka",441,"Ru≈æomberok,Biely Potok,Rave≈?",50,0.2
359,"Stankovany,Rojkov",360,"Stankovany,,pri moste",115,1
359,"Stankovany,Rojkov",375,"Kraƒæovany,,≈æel.st.",223,3
360,"Stankovany,,pri moste",322,"ƒΩuboch≈?a,,Korbelka",119,1
360,"Stankovany,,pri moste",438,"Stankovany,Rojkov,bar",61,1
360,"Stankovany,,pri moste",452,"Stankovany,,Strakov",54,0.2
362,"≈†tiavniƒçka,,M≈†",336,"≈†tiavniƒçka,,odboƒçka LDCH",54,1
362,"≈†tiavniƒçka,,M≈†",363,"≈†tiavniƒçka,,most",54,0.2
363,"≈†tiavniƒçka,,most",335,"≈†tiavniƒçka,,su≈°iƒçka RD",56,1
363,"≈†tiavniƒçka,,most",336,"≈†tiavniƒçka,,odboƒçka LDCH",88,1
363,"≈†tiavniƒçka,,most",362,"≈†tiavniƒçka,,M≈†",22,0.2
364,"Lipt.Michal,,pod cintor√≠nom",17,"Be≈°e≈?ov√°,,hotel Sumit",54,1
365,"Valask√° Dubov√°,,Oc√ö",282,"Likavka,,Kramarisk√°",250,4
365,"Valask√° Dubov√°,,Oc√ö",367,"Valask√° Dubov√°,,u Drob√∫ƒæa",68,0.2
367,"Valask√° Dubov√°,,u Drob√∫ƒæa",277,"Komjatn√°,Studniƒçn√°",324,3
367,"Valask√° Dubov√°,,u Drob√∫ƒæa",365,"Valask√° Dubov√°,,Oc√ö",81,0.2
367,"Valask√° Dubov√°,,u Drob√∫ƒæa",386,Jasenov√°,291,4
367,"Valask√° Dubov√°,,u Drob√∫ƒæa",433,"Komjatn√°,Studniƒçn√°,Pansk√° l√∫ka",245,3
369,"Lipt.Tepl√°,,Prefa",93,"Lipt.Tepl√°,,≈æel.st.",81,0.2
369,"Lipt.Tepl√°,,Prefa",464,"Be≈°e≈?ov√°,,Siho≈•",54,1
371,"Doln√Ω Kub√≠n,,Alej slobody",374,"Doln√Ω Kub√≠n,,aut.st.",221,1
371,"Doln√Ω Kub√≠n,,Alej slobody",391,"Doln√Ω Kub√≠n,,Mat√∫≈°kova",116,1
372,"Doln√Ω Kub√≠n,,SAD",373,"Doln√Ω Kub√≠n,Mokraƒè,priem.park",54,1
372,"Doln√Ω Kub√≠n,,SAD",374,"Doln√Ω Kub√≠n,,aut.st.",180,2
373,"Doln√Ω Kub√≠n,Mokraƒè,priem.park",372,"Doln√Ω Kub√≠n,,SAD",108,1
373,"Doln√Ω Kub√≠n,Mokraƒè,priem.park",392,"Doln√Ω Kub√≠n,Mokraƒè,Tech.slu≈æby",176,0.2
374,"Doln√Ω Kub√≠n,,aut.st.",371,"Doln√Ω Kub√≠n,,Alej slobody",230,1
374,"Doln√Ω Kub√≠n,,aut.st.",372,"Doln√Ω Kub√≠n,,SAD",202,2
375,"Kraƒæovany,,≈æel.st.",267,"≈†√∫tovo,,Rieka lom",324,4
375,"Kraƒæovany,,≈æel.st.",359,"Stankovany,Rojkov",209,3
377,"Pribylina,,Zruby",189,"Pribylina,,Kamenn√° dol.",81,1
377,"Pribylina,,Zruby",190,"Pribylina,,Kokavsk√Ω most",108,2
377,"Pribylina,,Zruby",390,"Pribylina,,Permon",180,1
383,"Bobrovec,,Luhy",23,"Bobrovec,,Rakovica",77,0.2
383,"Bobrovec,,Luhy",71,"Jalovec,,Z≈†",130,2
383,"Bobrovec,,Luhy",72,"Jalovec,,most",74,2
384,"Kr√°ƒæova Lehota,,Preglejka ≈°t.cesta",74,"Kr√°ƒæova Lehota,,Cestn√© stavby obal.",108,1
384,"Kr√°ƒæova Lehota,,Preglejka ≈°t.cesta",77,"Kr√°ƒæova Lehota,,≈æel.st.",140,1
384,"Kr√°ƒæova Lehota,,Preglejka ≈°t.cesta",174,"Kr√°ƒæova Lehota,,Michalovo Ga≈°par√≠k",108,3
384,"Kr√°ƒæova Lehota,,Preglejka ≈°t.cesta",400,"Hybe,,r√°zc.na Kr√°ƒæovu Lehotu",54,1
386,Jasenov√°,282,"Likavka,,Kramarisk√°",486,8
386,Jasenov√°,284,"Likavka,,hrad",594,9
386,Jasenov√°,367,"Valask√° Dubov√°,,u Drob√∫ƒæa",300,4
386,Jasenov√°,371,"Doln√Ω Kub√≠n,,Alej slobody",432,5
386,Jasenov√°,387,"Vy≈°n√Ω Kub√≠n,,r√°zc.",105,2
387,"Vy≈°n√Ω Kub√≠n,,r√°zc.",386,Jasenov√°,97,2
387,"Vy≈°n√Ω Kub√≠n,,r√°zc.",388,"Doln√Ω Kub√≠n,,Banisko",102,1
388,"Doln√Ω Kub√≠n,,Banisko",387,"Vy≈°n√Ω Kub√≠n,,r√°zc.",108,1
388,"Doln√Ω Kub√≠n,,Banisko",391,"Doln√Ω Kub√≠n,,Mat√∫≈°kova",105,1
390,"Pribylina,,Permon",377,"Pribylina,,Zruby",144,1
391,"Doln√Ω Kub√≠n,,Mat√∫≈°kova",371,"Doln√Ω Kub√≠n,,Alej slobody",111,1
391,"Doln√Ω Kub√≠n,,Mat√∫≈°kova",386,Jasenov√°,216,4
391,"Doln√Ω Kub√≠n,,Mat√∫≈°kova",388,"Doln√Ω Kub√≠n,,Banisko",111,1
392,"Doln√Ω Kub√≠n,Mokraƒè,Tech.slu≈æby",373,"Doln√Ω Kub√≠n,Mokraƒè,priem.park",90,0.2
393,"Lipt.Trnovec,,ATC",161,"Lipt.Trnovec,,Kriv√Ω k√∫t",108,2
393,"Lipt.Trnovec,,ATC",440,"Lipt.Mikul√°≈°,,Aqua Park",162,2
393,"Lipt.Trnovec,,ATC",467,"Lipt.Mikul√°≈°,,ul.≈†tef√°nikova",216,5
394,"Lipt.Mikul√°≈°,Lipt.Ondra≈°ov√°,kost.",24,"Bobrovec,,≈†korupovo",66,1
394,"Lipt.Mikul√°≈°,Lipt.Ondra≈°ov√°,kost.",408,"Lipt.Mikul√°≈°,Lipt.Ondra≈°ov√°,otoƒç.",54,1
394,"Lipt.Mikul√°≈°,Lipt.Ondra≈°ov√°,kost.",409,"Lipt.Mikul√°≈°,Lipt.Ondra≈°ov√°,most",62,0.2
395,"Z√°va≈æn√° Poruba,,pri pomn√≠ku",238,"Z√°va≈æn√° Poruba,,Luhy",112,1
395,"Z√°va≈æn√° Poruba,,pri pomn√≠ku",396,"Z√°va≈æn√° Poruba,,kult.dom",66,0.2
396,"Z√°va≈æn√° Poruba,,kult.dom",395,"Z√°va≈æn√° Poruba,,pri pomn√≠ku",77,0.2
396,"Z√°va≈æn√° Poruba,,kult.dom",397,"Z√°va≈æn√° Poruba,,ul.p.Hr√°dkom",69,1
397,"Z√°va≈æn√° Poruba,,ul.p.Hr√°dkom",239,"Z√°va≈æn√° Poruba,,otoƒç.",100,1
397,"Z√°va≈æn√° Poruba,,ul.p.Hr√°dkom",396,"Z√°va≈æn√° Poruba,,kult.dom",93,1
398,"Prosiek,Z√°diel",68,I≈æipovce,216,1
398,"Prosiek,Z√°diel",196,"Prosiek,,ƒç.d.26",97,2
399,"Lipt.Mikul√°≈°,,ul.Hurbanova M≈†",135,"Lipt.Mikul√°≈°,,centrum",202,1
399,"Lipt.Mikul√°≈°,,ul.Hurbanova M≈†",148,"Lipt.Mikul√°≈°,Pal√∫dzka,Z≈†",151,1
399,"Lipt.Mikul√°≈°,,ul.Hurbanova M≈†",149,"Lipt.Mikul√°≈°,Pal√∫dzka,nem.",130,1
400,"Hybe,,r√°zc.na Kr√°ƒæovu Lehotu",61,"Hybe,,Lehotsk√Ω Adam",162,3
400,"Hybe,,r√°zc.na Kr√°ƒæovu Lehotu",63,"Hybe,,motel",88,1
400,"Hybe,,r√°zc.na Kr√°ƒæovu Lehotu",64,"Hybe,,n√°m.",216,4
400,"Hybe,,r√°zc.na Kr√°ƒæovu Lehotu",108,"Lipt.Hr√°dok,,J√°no≈°kov domov",162,2
400,"Hybe,,r√°zc.na Kr√°ƒæovu Lehotu",113,"Lipt.Hr√°dok,,Ma≈°a",73,1
401,"Lipt.Mikul√°≈°,,AS",135,"Lipt.Mikul√°≈°,,centrum",252,2
401,"Lipt.Mikul√°≈°,,AS",141,"Lipt.Mikul√°≈°,,ul.Revoluƒçn√° Lidl",108,1
401,"Lipt.Mikul√°≈°,,AS",148,"Lipt.Mikul√°≈°,Pal√∫dzka,Z≈†",202,2
401,"Lipt.Mikul√°≈°,,AS",149,"Lipt.Mikul√°≈°,Pal√∫dzka,nem.",212,2
401,"Lipt.Mikul√°≈°,,AS",153,"Lipt.Mikul√°≈°,,hotel J√°no≈°√≠k",159,1
401,"Lipt.Mikul√°≈°,,AS",399,"Lipt.Mikul√°≈°,,ul.Hurbanova M≈†",106,1
402,"Jamn√≠k,,Jednota",73,"Jamn√≠k,,RD otoƒç.",144,1
402,"Jamn√≠k,,Jednota",168,"Jamn√≠k,,Mokraƒè",104,1
403,"Pribylina,,Raƒç.dol.r√°z.h.Esperanto",188,"Pribylina,,Hrdovo",216,4
403,"Pribylina,,Raƒç.dol.r√°z.h.Esperanto",191,"Pribylina,,Pot√¥ƒçky",108,3
403,"Pribylina,,Raƒç.dol.r√°z.h.Esperanto",193,"Pribylina,,gar√°≈æ SAD",144,1
404,"Lipt.Rev√∫ce,Ni≈æn√° Rev√∫ca,Jednota",418,"Lipt.Rev√∫ce,Ni≈æn√° Rev√∫ca,r.Tepl√¥",116,3
404,"Lipt.Rev√∫ce,Ni≈æn√° Rev√∫ca,Jednota",419,"Lipt.Rev√∫ce,Ni≈æn√° Rev√∫ca,Rosa",72,0.2
405,"Lipt.≈†tiavnica,,mlyn",302,"Lipt.≈†tiavnica,,Kƒæuƒçiny",51,0.2
405,"Lipt.≈†tiavnica,,mlyn",426,"Lipt.≈†tiavnica,,pri kaplnke",54,1
406,"Ru≈æomberok,,Supra-vily",343,"Ru≈æomberok,,Celul√≥zka",101,1
406,"Ru≈æomberok,,Supra-vily",445,"Liskov√°,,kri≈æ.",148,3
407,"Lipt.Sliaƒçe,Stredn√Ω Sliaƒç,Dom sm√∫tku",310,"Lipt.Sliaƒçe,Stredn√Ω Sliaƒç,kostol",80,0.2
407,"Lipt.Sliaƒçe,Stredn√Ω Sliaƒç,Dom sm√∫tku",311,"Lipt.Sliaƒçe,Stredn√Ω Sliaƒç,Z≈†",270,0.2
407,"Lipt.Sliaƒçe,Stredn√Ω Sliaƒç,Dom sm√∫tku",429,"Lipt.Sliaƒçe,Vy≈°n√Ω Sliaƒç,dru≈æstvo",103,1
408,"Lipt.Mikul√°≈°,Lipt.Ondra≈°ov√°,otoƒç.",24,"Bobrovec,,≈†korupovo",54,0.2
408,"Lipt.Mikul√°≈°,Lipt.Ondra≈°ov√°,otoƒç.",394,"Lipt.Mikul√°≈°,Lipt.Ondra≈°ov√°,kost.",54,1
409,"Lipt.Mikul√°≈°,Lipt.Ondra≈°ov√°,most",139,"Lipt.Mikul√°≈°,,Komensk√©ho ul.M≈†",157,2
409,"Lipt.Mikul√°≈°,Lipt.Ondra≈°ov√°,most",163,"Lipt.Trnovec,,r√°zc.",234,4
409,"Lipt.Mikul√°≈°,Lipt.Ondra≈°ov√°,most",394,"Lipt.Mikul√°≈°,Lipt.Ondra≈°ov√°,kost.",64,0.2
409,"Lipt.Mikul√°≈°,Lipt.Ondra≈°ov√°,most",401,"Lipt.Mikul√°≈°,,AS",216,2
409,"Lipt.Mikul√°≈°,Lipt.Ondra≈°ov√°,most",440,"Lipt.Mikul√°≈°,,Aqua Park",166,2
409,"Lipt.Mikul√°≈°,Lipt.Ondra≈°ov√°,most",467,"Lipt.Mikul√°≈°,,ul.≈†tef√°nikova",83,1
410,"Lipt.Mikul√°≈°,Pal√∫dzka,ul.Palugyayho",147,"Lipt.Mikul√°≈°,Pal√∫dzka,LAS",54,0.2
410,"Lipt.Mikul√°≈°,Pal√∫dzka,ul.Palugyayho",149,"Lipt.Mikul√°≈°,Pal√∫dzka,nem.",86,1
411,"Lipt.Mikul√°≈°,Dem√§nov√°,mlynisko",136,"Lipt.Mikul√°≈°,Dem√§nov√°,r√°zc.",135,0.2
411,"Lipt.Mikul√°≈°,Dem√§nov√°,mlynisko",413,"Lipt.Mikul√°≈°,Bodice,Jednota",108,0.2
412,"Lipt.Mikul√°≈°,Bodice,kostol",411,"Lipt.Mikul√°≈°,Dem√§nov√°,mlynisko",54,0.2
413,"Lipt.Mikul√°≈°,Bodice,Jednota",412,"Lipt.Mikul√°≈°,Bodice,kostol",54,0.2
414,"Lipt.Mikul√°≈°,,Podbreziny Juh",146,"Lipt.Mikul√°≈°,Okoliƒçn√©,otoƒç.",54,2
415,"Lipt.Mikul√°≈°,,Podbreziny otoƒç.",150,"Lipt.Mikul√°≈°,,Podbreziny",54,0.2
416,"Kvaƒçany,,SSC",55,"Huty,,Javorinsk√Ω potok",675,7
416,"Kvaƒçany,,SSC",96,"Lipt.Matia≈°ovce,,SSC",351,5
417,"Ru≈æomberok,,Supra-stred",337,"Ru≈æomberok,,AS",253,1
417,"Ru≈æomberok,,Supra-stred",356,"Ru≈æomberok,,s√≠dl.SNP",123,1
417,"Ru≈æomberok,,Supra-stred",451,"Ru≈æomberok,,Rove≈? Vojensk√° nem.",108,0.2
418,"Lipt.Rev√∫ce,Ni≈æn√° Rev√∫ca,r.Tepl√¥",300,"Lipt.Osada,,Skalno",100,0.2
418,"Lipt.Rev√∫ce,Ni≈æn√° Rev√∫ca,r.Tepl√¥",404,"Lipt.Rev√∫ce,Ni≈æn√° Rev√∫ca,Jednota",147,3
419,"Lipt.Rev√∫ce,Ni≈æn√° Rev√∫ca,Rosa",404,"Lipt.Rev√∫ce,Ni≈æn√° Rev√∫ca,Jednota",85,0.2
419,"Lipt.Rev√∫ce,Ni≈æn√° Rev√∫ca,Rosa",420,"Lipt.Rev√∫ce,Stredn√° Rev√∫ca,Z≈†",144,1
420,"Lipt.Rev√∫ce,Stredn√° Rev√∫ca,Z≈†",419,"Lipt.Rev√∫ce,Ni≈æn√° Rev√∫ca,Rosa",104,1
420,"Lipt.Rev√∫ce,Stredn√° Rev√∫ca,Z≈†",421,"Lipt.Rev√∫ce,Stredn√° Rev√∫ca,Migra",76,1
421,"Lipt.Rev√∫ce,Stredn√° Rev√∫ca,Migra",420,"Lipt.Rev√∫ce,Stredn√° Rev√∫ca,Z≈†",108,1
421,"Lipt.Rev√∫ce,Stredn√° Rev√∫ca,Migra",422,"Lipt.Rev√∫ce,Stredn√° Rev√∫ca,po≈æ.zbr.",94,1
422,"Lipt.Rev√∫ce,Stredn√° Rev√∫ca,po≈æ.zbr.",421,"Lipt.Rev√∫ce,Stredn√° Rev√∫ca,Migra",73,1
422,"Lipt.Rev√∫ce,Stredn√° Rev√∫ca,po≈æ.zbr.",423,"Lipt.Rev√∫ce,Stredn√° Rev√∫ca,Vrbina",79,0.2
423,"Lipt.Rev√∫ce,Stredn√° Rev√∫ca,Vrbina",422,"Lipt.Rev√∫ce,Stredn√° Rev√∫ca,po≈æ.zbr.",104,0.2
423,"Lipt.Rev√∫ce,Stredn√° Rev√∫ca,Vrbina",424,"Lipt.Rev√∫ce,Vy≈°n√° Rev√∫ca,Piln√°",83,1
424,"Lipt.Rev√∫ce,Vy≈°n√° Rev√∫ca,Piln√°",423,"Lipt.Rev√∫ce,Stredn√° Rev√∫ca,Vrbina",108,1
424,"Lipt.Rev√∫ce,Vy≈°n√° Rev√∫ca,Piln√°",425,"Lipt.Rev√∫ce,Vy≈°n√° Rev√∫ca,Jednota",155,1
425,"Lipt.Rev√∫ce,Vy≈°n√° Rev√∫ca,Jednota",424,"Lipt.Rev√∫ce,Vy≈°n√° Rev√∫ca,Piln√°",104,1
426,"Lipt.≈†tiavnica,,pri kaplnke",303,"Lipt.≈†tiavnica,,gar√°≈æ SAD",60,0.2
426,"Lipt.≈†tiavnica,,pri kaplnke",405,"Lipt.≈†tiavnica,,mlyn",54,1
427,"Kvaƒçany,,gar√°≈æ SAD",78,"Kvaƒçany,Dlh√° L√∫ka",108,1
427,"Kvaƒçany,,gar√°≈æ SAD",79,"Kvaƒçany,,RD",90,0.2
427,"Kvaƒçany,,gar√°≈æ SAD",80,"Kvaƒçany,,Z≈†",114,1
428,"Lazisko,,gar√°≈æ SAD",81,"Lazisko,,Droppa",69,0.2
429,"Lipt.Sliaƒçe,Vy≈°n√Ω Sliaƒç,dru≈æstvo",313,"Lipt.Sliaƒçe,Vy≈°n√Ω Sliaƒç,gar√°≈æ",70,1
429,"Lipt.Sliaƒçe,Vy≈°n√Ω Sliaƒç,dru≈æstvo",407,"Lipt.Sliaƒçe,Stredn√Ω Sliaƒç,Dom sm√∫tku",100,1
430,"Lipt.Matia≈°ovce,,kaplnka",96,"Lipt.Matia≈°ovce,,SSC",162,2
430,"Lipt.Matia≈°ovce,,kaplnka",101,"Lipt.Matia≈°ovce,Vy≈°n√© Matia≈°ovce",90,1
430,"Lipt.Matia≈°ovce,,kaplnka",102,"Lipt.Matia≈°ovce,,po≈æ.zbroj.",72,0.2
431,"Lipt.Hr√°dok,,Alcatel",120,"Lipt.Hr√°dok,,Z≈†",144,0.7
431,"Lipt.Hr√°dok,,Alcatel",123,"Lipt.Hr√°dok,,≈æel.st.",370,1.9
431,"Lipt.Hr√°dok,,Alcatel",138,"Lipt.Hr√°dok,,SOUE",54,0.2
432,"Huty,,Dolinky",58,"Huty,,Z≈†",54,1
432,"Huty,,Dolinky",59,"Huty,,r√°zc.na Mal√© Borov√©",81,1
433,"Komjatn√°,Studniƒçn√°,Pansk√° l√∫ka",277,"Komjatn√°,Studniƒçn√°",59,0.2
433,"Komjatn√°,Studniƒçn√°,Pansk√° l√∫ka",367,"Valask√° Dubov√°,,u Drob√∫ƒæa",216,3
436,"Lipt.Mikul√°≈°,,Moƒçiare Voj.akad.",136,"Lipt.Mikul√°≈°,Dem√§nov√°,r√°zc.",108,1
436,"Lipt.Mikul√°≈°,,Moƒçiare Voj.akad.",143,"Lipt.Mikul√°≈°,,lek√°re≈?",216,3
436,"Lipt.Mikul√°≈°,,Moƒçiare Voj.akad.",148,"Lipt.Mikul√°≈°,Pal√∫dzka,Z≈†",187,2
437,"Lipt.Mikul√°≈°,,ul.≈†t√∫rova Ms√ö",135,"Lipt.Mikul√°≈°,,centrum",162,1
438,"Stankovany,Rojkov,bar",359,"Stankovany,Rojkov",74,0.2
439,"≈Ωiar,,Dolinky",240,"≈Ωiar,,Jur√°≈°",54,1
439,"≈Ωiar,,Dolinky",243,"≈Ωiar,,rekr.str.",65,0.2
440,"Lipt.Mikul√°≈°,,Aqua Park",163,"Lipt.Trnovec,,r√°zc.",148,2
440,"Lipt.Mikul√°≈°,,Aqua Park",393,"Lipt.Trnovec,,ATC",162,2
440,"Lipt.Mikul√°≈°,,Aqua Park",409,"Lipt.Mikul√°≈°,Lipt.Ondra≈°ov√°,most",120,2
441,"Ru≈æomberok,Biely Potok,Rave≈?",342,"Ru≈æomberok,Biely Potok,pri moste",54,1
441,"Ru≈æomberok,Biely Potok,Rave≈?",358,"Ru≈æomberok,,V√°penka",48,0.2
442,"Ru≈æomberok,Biely Potok,Do Uhliska",339,"Ru≈æomberok,Biely Potok,Kovostav",54,1
442,"Ru≈æomberok,Biely Potok,Do Uhliska",342,"Ru≈æomberok,Biely Potok,pri moste",62,1
443,"Ru≈æomberok,Biely Potok,Trlensk√° dolina",338,"Ru≈æomberok,Biely Potok,Bohunka",42,0.2
443,"Ru≈æomberok,Biely Potok,Trlensk√° dolina",339,"Ru≈æomberok,Biely Potok,Kovostav",50,1
443,"Ru≈æomberok,Biely Potok,Trlensk√° dolina",340,"Ru≈æomberok,Biely Potok,Podsuch√°",176,4
443,"Ru≈æomberok,Biely Potok,Trlensk√° dolina",342,"Ru≈æomberok,Biely Potok,pri moste",135,2
445,"Liskov√°,,kri≈æ.",307,"Lipt.Sliaƒçe,Ni≈æn√Ω Sliaƒç,Smi≈°t√≠k",108,2
445,"Liskov√°,,kri≈æ.",316,"Lipt.Sliaƒçe,,r√°zc.",61,1
445,"Liskov√°,,kri≈æ.",319,"Liskov√°,,kult.dom",169,1
445,"Liskov√°,,kri≈æ.",343,"Ru≈æomberok,,Celul√≥zka",111,2
446,"Bansk√° Bystrica,Jakub,Nov√Ω Svet II.",2,"Bansk√° Bystrica,,Strieborn√© n√°m.",338,5
446,"Bansk√° Bystrica,Jakub,Nov√Ω Svet II.",3,"Bansk√° Bystrica,Uƒæanka",144,2
447,"Bansk√° Bystrica,,EUROPA SC",1,"Bansk√° Bystrica,,AS",284,2
448,"Lipt.J√°n,,hotel Bystr√°",127,"Lipt.J√°n,,zot.ƒéumbier",108,1
448,"Lipt.J√°n,,hotel Bystr√°",449,"Lipt.J√°n,,Alexandra Wellness Hotel",144,0.2
449,"Lipt.J√°n,,Alexandra Wellness Hotel",448,"Lipt.J√°n,,hotel Bystr√°",90,0.2
450,"Ru≈æomberok,,Rove≈? Poƒæn√°",406,"Ru≈æomberok,,Supra-vily",135,0.2
451,"Ru≈æomberok,,Rove≈? Vojensk√° nem.",353,"Ru≈æomberok,,Siho≈• Z≈†",54,1
451,"Ru≈æomberok,,Rove≈? Vojensk√° nem.",355,"Ru≈æomberok,,Supra",162,1
451,"Ru≈æomberok,,Rove≈? Vojensk√° nem.",406,"Ru≈æomberok,,Supra-vily",189,0.2
451,"Ru≈æomberok,,Rove≈? Vojensk√° nem.",450,"Ru≈æomberok,,Rove≈? Poƒæn√°",54,0.2
452,"Stankovany,,Strakov",322,"ƒΩuboch≈?a,,Korbelka",54,1
453,"Lipt.J√°n,,ul.Staroj√°nska Z≈†",124,"Lipt.J√°n,,Jednota",54,1
453,"Lipt.J√°n,,ul.Staroj√°nska Z≈†",212,"Uhorsk√° Ves,,centrum",108,1
454,"Dem√§novsk√° Dolina,,Wellness hotel Chopok",37,"Dem√§novsk√° Dolina,,ƒΩadov√° jasky≈?a",62,0.2
455,"Lipt.Mikul√°≈°,,Rachmaninovo n√°m.",152,"Lipt.Mikul√°≈°,,LIDL",113,1
458,"Komjatn√°,,Pod Str√°≈?ou",278,"Komjatn√°,,Z≈†",40,0.2
459,"Ru≈æomberok,,evanjelick√Ω kostol",337,"Ru≈æomberok,,AS",270,0.2
461,"Smreƒçany,,bytovky",151,"Lipt.Mikul√°≈°,Vit√°li≈°ovce",158,3
461,"Smreƒçany,,bytovky",200,"Smreƒçany,,≈†irica",58,0.2
463,"Lipt.Mikul√°≈°,,St.NICOLAUS",155,"Lipt.Mikul√°≈°,,STOP SHOP",121,1
464,"Be≈°e≈?ov√°,,Siho≈•",17,"Be≈°e≈?ov√°,,hotel Sumit",54,0.2
464,"Be≈°e≈?ov√°,,Siho≈•",369,"Lipt.Tepl√°,,Prefa",42,1
464,"Be≈°e≈?ov√°,,Siho≈•",465,"Be≈°e≈?ov√°,,bytovka 109",54,0.2
465,"Be≈°e≈?ov√°,,bytovka 109",16,"Be≈°e≈?ov√°,,Jednota",108,0.2
465,"Be≈°e≈?ov√°,,bytovka 109",94,"Potok,,Oc√ö",148,2
465,"Be≈°e≈?ov√°,,bytovka 109",128,"Lipt.Michal,,Jednota",54,1
467,"Lipt.Mikul√°≈°,,ul.≈†tef√°nikova",401,"Lipt.Mikul√°≈°,,AS",120,1
468,"Ludrov√°,,otoƒçka",330,"Ludrov√°,,ƒç.d.155",137,0.2
469,"Lipt.Osada,,pek√°re≈?",295,"Lipt.Osada,,Jednota",54,0.2
469,"Lipt.Osada,,pek√°re≈?",301,"Lipt.Osada,,ƒç.d.113",94,1
469,"Lipt.Osada,,pek√°re≈?",340,"Ru≈æomberok,Biely Potok,Podsuch√°",248,5
337,"Ru≈æomberok,,AS",470,Gar√°≈æ RK,300,2
470,Gar√°≈æ RK,337,"Ru≈æomberok,,AS",300,2
401,"Lipt.Mikul√°≈°,,AS",471,Gar√°≈æ LM,180,2
471,Gar√°≈æ LM,401,"Lipt.Mikul√°≈°,,AS",180,2
337,"Ru≈æomberok,,AS",460,"Ru≈æomberok,,N√°m. A.Hlinku",420,2
460,"Ru≈æomberok,,N√°m. A.Hlinku",337,"Ru≈æomberok,,AS",480,2
